index,제품명,keywords
0,1000억막걸리프리바이오,탁주 쌀 밀  저도수 
1,1000억유산균막걸리,탁주 쌀 밀  저도수 
2,1932새싹땅콩햅쌀막걸리,탁주 쌀 땅콩  저도수 
3,1932새싹땅콩흑미막걸리,탁주 쌀 땅콩  저도수 
4,33JU,향기 증류주 꿀 삼  
5,52C,향기 증류주 쌀  
6,DMZ240km,기타주류 꿀 버섯  
7,g12골디락스,탁주 쌀 찹쌀 밀 무감미료  저도수 
8,The찾을수록시리즈,과실주 사과  
9,가덕순쌀막걸리,담백 탄산 탁주 쌀 혼술 저도수 혼술
10,가을빛레드와인,과실주 포도  저도수 
11,가평잣생막걸리,탁주 쌀  저도수 
12,감그린레귤러,과실주 이색전통주  저도수 
13,감그린스페셜,과실주 이색전통주  저도수 
14,감그린아이스와인,과실주 이색전통주  저도수 
15,감보드카,목넘김 증류주  
16,감사,목넘김 담백 약주/청주 쌀 선물 선물 추천 저도수 선물 추천
17,감아락25,증류주 쌀 가을  
18,감악산머루주,과실주 머루  저도수 
19,감이슬,증류주 과일류  
20,감자술13,약주/청주 감자 선물 커플 반주 안주 선물 파티 가족 저도수 커플 반주 안주 선물 파티 가족
21,감홍로백자,향기 증류주 쌀 약재 커플 친구 명절 부모님 안주 선물 기념일 추천 가족 행사 커플 친구 명절 부모님 안주 선물 기념일 추천 가족 행사
22,감홍로청자,향기 증류주 쌀 약재  
23,강소주,향기 증류주 쌀 소용량  
24,강쇠,약주/청주 쌀 오가피 선물 명절 친구 추천 저도수 선물 명절 친구 추천
25,걍즐겨,탁주 쌀 찹쌀 이색전통주  저도수 
26,겨울소주25,향기 목넘김 증류주 겨울 커플 디저트 친구 캠핑 명절 반주 안주 부모님 선물 추천 파티 가족 크리스마스 혼술 계절 커플 디저트 친구 캠핑 명절 반주 안주 부모님 선물 추천 파티 가족 크리스마스 혼술 계절
27,경기전,기타주류 보리 탄산  저도수 
28,계룡백일주12년,향기 기타주류 쌀 찹쌀 오미자 꽃 솔잎  
29,계룡백일주16,약주/청주 쌀 찹쌀 오미자 꽃 솔잎  
30,계룡백일주30,기타주류 쌀 찹쌀 오미자 꽃 솔잎  
31,계룡백일주40,향기 기타주류 쌀 찹쌀 오미자 꽃 솔잎  
32,계룡산산삼주금수강산21,증류주 삼 삼(蔘)류  
33,계룡산산삼주금수강산40,향기 목넘김 증류주 삼 삼(蔘)류  
34,고구마아락,향기 증류주 보리 고구마  
35,고도리레드와인스위트,과실주 포도 머루  저도수 
36,고도리복숭아와인,탄닌감 과실주 복숭아 이색전통주 커플 디저트 친구 명절 반주 안주 부모님 선물 기념일 파티 추천 혼술 계절 저도수 커플 디저트 친구 명절 반주 안주 부모님 선물 기념일 파티 추천 혼술 계절
37,고도리화이트와인드라이,과실주 포도  저도수 
38,고도리화이트와인스위트,과실주 포도 커플 디저트 친구 부모님 선물 추천 파티 크리스마스 저도수 커플 디저트 친구 부모님 선물 추천 파티 크리스마스
39,고소리술,증류주 쌀 선물 친구 명절 반주 안주 선물 가족 크리스마스 친구 명절 반주 안주 선물 가족 크리스마스
40,고운달백자,향기 목넘김 증류주 오미자 선물 선물 파티 선물 파티
41,고운달오크,향기 목넘김 증류주 오미자 선물 선물 부모님 선물 부모님
42,고창선운산땡큐복분자주,과실주 복분자 소용량  저도수 
43,고창선운산땡큐블루베리주,과실주 베리 소용량  저도수 
44,고창선운산복분자주특1호,과실주 복분자  저도수 
45,공주애오디와인,과실주 오디  저도수 
46,구기홍주14,담백 약주/청주 쌀 구기자 선물 디저트 친구 안주 부모님 선물 파티 저도수 디저트 친구 안주 부모님 선물 파티
47,구름을벗삼아,탄산 탁주 쌀 찹쌀 무감미료 명절 반주 선물 추천 혼술 저도수 명절 반주 선물 추천 혼술
48,귀감,향기 증류주 귤 과일류  
49,그랑꼬또레드와인,과실주 포도  저도수 
50,그랑꼬또M56,과실주 포도 홈술  저도수 
51,그랑꼬또M5610,과실주 포도  저도수 
52,그랑꼬또로제와인,과실주 포도 홈술 선물 친구 저도수 선물 친구
53,그랑꼬또청수,과실주 포도 파티 선물 저도수 선물
54,그랑꼬또화이트와인,과실주 포도  저도수 
55,그랑티그르CE2002,과실주 포도  저도수 
56,그랑티그르M1988,과실주 포도 오미자  저도수 
57,그랑티그르S1974,과실주 포도  저도수 
58,금산인삼주,약주/청주 쌀 삼 선물 추천 가족 부모님 저도수 선물 추천 가족 부모님
59,금산인삼주수삼단본23,향기 증류주 쌀 삼 복날 커플 디저트 친구 명절 안주 부모님 선물 파티 가족 복날 커플 디저트 친구 명절 안주 부모님 선물 파티 가족
60,금산인삼주수삼단본43,향기 증류주 쌀 삼 삼(蔘)류 선물 커플 명절 부모님 선물 커플 명절 부모님
61,금이산농원복숭아와인,탄닌감 과실주 복숭아 커플 디저트 친구 선물 기념일 파티 추천 저도수 커플 디저트 친구 선물 기념일 파티 추천
62,금이산농원사과와인,과실주 사과  저도수 
63,금이산농원오가피와인,과실주 오가피 이색전통주  저도수 
64,금정산성막걸리,탁주 밀 홈술  저도수 
65,기다림16,탁주 쌀 찹쌀 무감미료  저도수 
66,기다림25,탁주 쌀 찹쌀 무감미료  저도수 
67,기다림34,탁주 쌀 찹쌀 무감미료  저도수 
68,기다림맑은술,약주/청주 쌀 찹쌀 홈술  저도수 
69,김천과하주16,약주/청주 쌀 찹쌀  
70,김천과하주23,기타주류 쌀 고문헌  
71,김포막걸리,탁주 쌀  저도수 
72,김포별주,약주/청주 쌀  저도수 
73,김포약주,약주/청주 밀  저도수 
74,김포예주,약주/청주 쌀  저도수 
75,김포특주,담백 약주/청주 쌀  저도수 
76,까메오막걸리,탁주 쌀 혼술  저도수 
77,나루생막걸리11.5,탁주 쌀 파티 디저트 추천 안주 부모님 저도수 디저트 추천 안주 부모님
78,나루생막걸리6,탁주 쌀 파티 복날 디저트 친구 캠핑 안주 선물 파티 추천 저도수 복날 디저트 친구 캠핑 안주 선물 파티 추천
79,남산애레드와인,과실주 포도  저도수 
80,남산애포트와인,과실주 포도  
81,내장산복분자주,목넘김 과실주 복분자 선물 친구 부모님 선물 친구 부모님
82,녹고의눈물,기타주류 오가피 커플 친구 명절 반주 안주 부모님 선물 추천 커플 친구 명절 반주 안주 부모님 선물 추천
83,녹천소곡화주,향기 기타주류 쌀 찹쌀  
84,녹천한산소곡주살균,약주/청주 쌀 찹쌀 복날 커플 친구 명절 안주 선물 가족 복날 커플 친구 명절 안주 선물 가족
85,녹천한산소곡주생,약주/청주 쌀 찹쌀 친구 명절 안주 부모님 선물 가족 친구 명절 안주 부모님 선물 가족
86,녹파주,담백 약주/청주 쌀 찹쌀 선물 커플 명절 선물 추천 가족 저도수 커플 명절 선물 추천 가족
87,뉴트로,탁주 쌀 찹쌀  저도수 
88,느린마을막걸리,탁주 쌀 무감미료  저도수 
89,능이주,담백 약주/청주 쌀 홈술 커플 친구 명절 반주 부모님 안주 선물 추천 파티 가족 행사 저도수 커플 친구 명절 반주 부모님 안주 선물 추천 파티 가족 행사
90,니모메,담백 약주/청주 쌀 귤 파티 커플 캠핑 명절 부모님 안주 선물 파티 추천 혼술 행사 저도수 커플 캠핑 명절 부모님 안주 선물 파티 추천 혼술 행사
91,다래와인3004,과실주 다래  저도수 
92,다래와인7004D,과실주 다래  저도수 
93,다래와인7004S,과실주 다래  저도수 
94,다랭이팜생막걸리,탁주 쌀 무감미료  저도수 
95,다랭이팜생막걸리흑미,탁주  저도수 
96,다랭이팜유자막걸리,탁주  저도수 
97,담솔,기타주류 쌀 디저트 부모님 선물 파티 추천 행사 디저트 부모님 선물 파티 추천 행사
98,담양죽력고,향기 목넘김 증류주 쌀 생강 계피 고문헌 선물 명절 선물 명절
99,담은,탁주 쌀 선물 커플 디저트 친구 명절 부모님 안주 선물 추천 파티 가족 크리스마스 혼술 저도수 커플 디저트 친구 명절 부모님 안주 선물 추천 파티 가족 크리스마스 혼술
100,당당하리,과실주 쌀 복분자 사과 밀 감초 베리류  저도수 
101,대관령복분자주,과실주 복분자  
102,대대포생막걸리,탁주 꿀 선물  저도수 
103,대윤가야곡왕주,약주/청주 쌀 홈술  저도수 
104,대잎생동동주,탁주 쌀  저도수 
105,대작생막걸리,탁주 쌀  저도수 
106,대통대잎술,목넘김 약주/청주 쌀 구기자 솔잎 파티  저도수 
107,도구막걸리,탁주 쌀 밀  저도수 
108,도깨비술11,탁주 쌀 파티  저도수 
109,도깨비술7,탁주 쌀 파티  저도수 
110,도깨비술9,탁주 쌀 파티  저도수 
111,도로시머루주,과실주 머루 선물  저도수 
112,도문대작생막걸리,탁주 쌀  저도수 
113,독산53,목넘김 증류주 쌀 소용량 선물 명절 추천 안주 선물 명절 추천 안주
114,동강더덕주,향기 기타주류 구기자 감초 선물 부모님 선물 부모님
115,동몽,담백 약주/청주 쌀 명절 추천 안주 추천 안주
116,동정춘,탁주 쌀 고문헌  저도수 
117,동정춘막걸리산정호수,탁주 쌀 선물  저도수 
118,동학1957,담백 약주/청주 쌀 선물 친구 명절 반주 안주 부모님 선물 추천 파티 혼술 저도수 친구 명절 반주 안주 부모님 선물 추천 파티 혼술
119,동해동동주,탁주 쌀 무감미료  저도수 
120,두레앙22,증류주 포도 과일류 커플 디저트 친구 명절 선물 추천 커플 디저트 친구 명절 선물 추천
121,두레앙브랜디,향기 증류주 포도  
122,두레앙와인,과실주 포도 가성비 선물 파티 추천 친구 저도수 선물 파티 추천 친구
123,두레앙증류주,증류주 포도 과일류 안주 안주
124,두리향,향기 목넘김 증류주 쌀 찹쌀 고문헌  
125,두유노,탁주 쌀 찹쌀 밀  저도수 
126,라이스퐁당13,약주/청주 쌀 찹쌀 홈술  저도수 
127,라이스퐁당17,약주/청주 쌀 찹쌀  
128,레돔내추럴스파클링로제와인,과실주 포도 파티  저도수 
129,레돔시드르,과실주 사과 파티  저도수 
130,려25,향기 증류주 쌀 고구마 선물 디저트 친구 안주 부모님 선물 디저트 친구 안주 부모님 선물
131,려고구마증류소주25,증류주 고구마 선물 명절 친구 추천 선물 명절 친구 추천
132,려고구마증류소주40,증류주 고구마 가족 선물 부모님 가족 선물 부모님
133,로얄안동소주18년,증류주 쌀  
134,르깔롱,향기 목넘김 기타주류 과일류  
135,마셔블랑,증류주 귤  저도수 
136,마주소곡주,담백 약주/청주 쌀 찹쌀 밀 선물 커플 친구 명절 안주 선물 가족 커플 친구 명절 안주 선물 가족
137,마주소곡화주,향기 목넘김 증류주 쌀 찹쌀 밀 선물  
138,막시모40,향기 목넘김 증류주 오미자 베리류 친구 친구
139,만강에비친달,담백 탁주 쌀 선물 안주 저도수 안주
140,맑은내일Winery단감명작,탄닌감 과실주 과일류 선물 저도수 선물
141,맑은내일발효막걸리,탁주 쌀 탄산  저도수 
142,맑은내일우포,담백 약주/청주 쌀 홈술  저도수 
143,맑은문희주,약주/청주 쌀 찹쌀 파티 선물 안주 저도수 선물 안주
144,맑은술해밀,약주/청주 쌀  저도수 
145,매실막걸리,탁주 쌀  저도수 
146,매실원주15,기타주류 꿀 캠핑 명절 부모님 선물 추천 저도수 캠핑 명절 부모님 선물 추천
147,매실향기담은술,담백 약주/청주 쌀 안주 저도수 안주
148,머루이야기,과실주 머루 소용량  저도수 
149,머르드서드라이,과실주 머루  저도수 
150,머르드서스위트,과실주 머루  저도수 
151,메로니아,기타주류 쌀 과일류  저도수 
152,메밀로,향기 목넘김 증류주 쌀 밀 선물  
153,면천두견주,약주/청주 쌀 찹쌀 꽃 선물 커플 친구 반주 부모님 안주 선물 파티 추천 가족 혼술 커플 친구 반주 부모님 안주 선물 파티 추천 가족 혼술
154,명가원복분자술,과실주 복분자  
155,명술,기타주류 삼  
156,명인안동소주22,증류주 쌀  
157,명인안동소주양반탈,증류주 쌀 선물  
158,명인안동소주호리병,증류주 쌀 선물 커플 친구 명절 안주 부모님 선물 기념일 파티 가족 커플 친구 명절 안주 부모님 선물 기념일 파티 가족
159,명인홍삼주,약주/청주 쌀 삼 선물  저도수 
160,명작복분자,과실주 복분자 커플 친구 명절 안주 선물 저도수 커플 친구 명절 안주 선물
161,명품진도홍주,향기 증류주 쌀 보리  
162,모월로,향기 증류주 쌀  
163,모월연,약주/청주 쌀 선물  저도수 
164,모월인,향기 목넘김 증류주 쌀 파티 친구 명절 선물 기념일 추천 가족 친구 명절 선물 기념일 추천 가족
165,모월청,약주/청주 쌀  
166,모을동주소주,향기 목넘김 증류주 쌀  
167,모을동주약주,약주/청주 쌀  저도수 
168,무주구천동머루와인,과실주 머루  저도수 
169,무주구천동산머루주,과실주 머루 가성비 선물 친구 추천 가족 선물 친구 추천 가족
170,문경바람백자25,향기 목넘김 증류주 사과 과일류  
171,문경바람백자40,향기 목넘김 증류주 사과 과일류 선물 디저트 추천 선물 디저트 추천
172,문경바람오크,향기 목넘김 증류주 사과 과일류 커플 디저트 친구 명절 안주 선물 추천 파티 가족 혼술 커플 디저트 친구 명절 안주 선물 추천 파티 가족 혼술
173,문경주조오미자생막걸리,담백 탄산 탁주 오미자 복날 선물 커플 친구 저도수 복날 선물 커플 친구
174,문배술헤리티지23,증류주 쌀  
175,문배술헤리티지25,증류주 쌀 선물 친구 명절 반주 부모님 기념일 선물 파티 추천 친구 명절 반주 부모님 기념일 선물 파티 추천
176,문배술헤리티지40,증류주 쌀 선물 커플 디저트 친구 명절 반주 부모님 안주 선물 파티 커플 디저트 친구 명절 반주 부모님 안주 선물 파티
177,문희문경오미자수제전통주,탁주 쌀 찹쌀 오미자 디저트 추천 안주 저도수 디저트 추천 안주
178,문희햇찹쌀수제전통주,탁주 쌀 찹쌀 친구 저도수 친구
179,미르25,증류주 쌀 파티 선물 선물
180,미르40,증류주 쌀 선물 행사 추천 선물 행사 추천
181,미생막걸리,탁주 쌀 탄산  저도수 
182,미소생막걸리,탁주 쌀  저도수 
183,미소아이스,과실주 포도  저도수 
184,미인약주,약주/청주 쌀 찹쌀 선물  저도수 
185,미인탁주,탁주 쌀 찹쌀 무감미료  저도수 
186,민속주안동소주,증류주 쌀  
187,바랑탁,탁주 쌀 찹쌀 소용량  저도수 
188,밤꽃향기,약주/청주 쌀 밤 커플 명절 추천 친구 저도수 커플 명절 추천 친구
189,방문주약주,약주/청주 쌀 찹쌀 선물  저도수 
190,방문주탁주,탁주 쌀 찹쌀 선물  저도수 
191,배꽃담은연생막걸리,탁주 쌀  저도수 
192,배도가로아19레드,향기 증류주 사과  
193,배도가로아40옐로우,증류주 쌀 과일류 선물 선물
194,백년향,담백 탁주 쌀 무감미료 디저트 친구 추천 안주 저도수 디저트 친구 추천 안주
195,백련맑은술,담백 약주/청주 선물  저도수 
196,백련생막걸리Misty,담백 탁주 선물 디저트 부모님 선물 파티 추천 가족 혼술 행사 저도수 디저트 부모님 선물 파티 추천 가족 혼술 행사
197,백련생막걸리Snow,탁주  저도수 
198,백운복분자와인,기타주류 쌀 복분자 베리류  저도수 
199,백운복분자주,기타주류 쌀 복분자 베리류  저도수 
200,백이주,과실주 쌀 밀 감초 명절  
201,백자주,탁주 쌀 찹쌀  저도수 
202,뱅꼬레레드와인,과실주 포도  저도수 
203,뱅꼬레로제와인,과실주 포도 선물  저도수 
204,뱅꼬레아이스와인,과실주 포도  저도수 
205,뱅꼬레화이트와인,과실주 포도  저도수 
206,베베마루캠벨로제,과실주 포도  저도수 
207,베베마루캠벨로제스위트,과실주 포도  저도수 
208,별바랑,담백 약주/청주 쌀 찹쌀 파티 추천 추천
209,병영설성동동주,탁주 쌀 무감미료  저도수 
210,병영설성생막걸리,탁주 쌀 무감미료  저도수 
211,병영설성사또,향기 목넘김 증류주 쌀 베리류 선물 반주 선물 반주
212,병영소주,증류주 보리 부모님 부모님
213,복분자아락,향기 증류주 복분자  
214,복분자음,과실주 복분자 홈술  저도수 
215,복순도가손막걸리,탄산 탁주 파티 커플 친구 명절 반주 부모님 안주 선물 기념일 파티 추천 저도수 커플 친구 명절 반주 부모님 안주 선물 기념일 파티 추천
216,볼빨간막걸리10,탁주 쌀 찹쌀 홈술  저도수 
217,볼빨간막걸리7,탁주 쌀 찹쌀 홈술  저도수 
218,봉하쌀생막걸리,탁주 쌀  저도수 
219,부안참뽕막걸리,탁주 쌀 오디  저도수 
220,부안참뽕와인,탄닌감 과실주 오디 선물 추천 저도수 추천
221,부자10,담백 탁주 쌀 무감미료 커플 파티 친구 저도수 커플 파티 친구
222,불소곡주,향기 기타주류 쌀 찹쌀 생강 고문헌  
223,붉은원숭이,담백 탁주 쌀 이색전통주 커플 디저트 친구 안주 선물 추천 가족 저도수 커플 디저트 친구 안주 선물 추천 가족
224,블루베리이야기,과실주 머루 베리  저도수 
225,산내울복분자주,기타주류 복분자 베리류  
226,산내울사과애주,기타주류 사과 과일류  
227,산내울오미자주,기타주류 오미자 선물  
228,산막대덕주,약주/청주 쌀 밀  저도수 
229,산막생유막걸리,탁주 쌀 탄산  저도수 
230,삼선,탁주 쌀 홈술  저도수 
231,삼양춘생약주,담백 약주/청주 쌀 선물 커플 디저트 친구 선물 추천 크리스마스 저도수 커플 디저트 친구 선물 추천 크리스마스
232,삼양춘생탁주,담백 탁주 쌀 무감미료 반주 추천 안주 저도수 반주 추천 안주
233,삼양춘청주,담백 약주/청주 쌀 선물 커플 디저트 친구 안주 선물 추천 혼술 저도수 커플 디저트 친구 안주 선물 추천 혼술
234,샤토미소랑,과실주 포도 홈술  저도수 
235,샤토미소레드프리미엄드라이,과실주 포도  저도수 
236,샤토미소스위트,목넘김 과실주 포도  저도수 
237,샤토미소스위트로제,목넘김 탄닌감 과실주 포도 파티 커플 명절 선물 추천 가족 저도수 커플 명절 선물 추천 가족
238,샤토미소영동,향기 증류주 포도 과일류  
239,샹스프랑보아즈,과실주 복분자 파티  저도수 
240,서울의밤,향기 기타주류 꿀 홈술 복날 커플 디저트 친구 명절 반주 안주 부모님 선물 파티 추천 가족 혼술 계절 복날 커플 디저트 친구 명절 반주 안주 부모님 선물 파티 추천 가족 혼술 계절
241,서주16,약주/청주 감자 선물  
242,석로주,약주/청주 쌀 버섯 선물  저도수 
243,석탄주약주,약주/청주 쌀 찹쌀 명절  저도수 
244,석탄주탁주,탁주 쌀 찹쌀 고문헌  저도수 
245,선운산복분자와인,과실주 복분자 소용량  저도수 
246,선운산복분자주,과실주 복분자 홈술  
247,선운산복분자주프리미엄,과실주 복분자 진한맛  
248,선운산의아침복분자막걸리,탁주 쌀 복분자  저도수 
249,선호생막걸리,담백 탄산 탁주 쌀 명절 부모님 저도수 명절 부모님
250,설궁,기타주류 꿀 삼 버섯 겨울  
251,설레온,증류주 쌀  
252,설련주,약주/청주 쌀 찹쌀 선물  
253,설성만월막걸리,탁주 쌀  저도수 
254,설하담,탄산 탁주 쌀 홈술 디저트 친구 선물 파티 혼술 행사 저도수 디저트 친구 선물 파티 혼술 행사
255,성포생막걸리,탁주 쌀 친구 캠핑 부모님 선물 추천 파티 가족 저도수 친구 캠핑 부모님 선물 추천 파티 가족
256,세우리,향기 목넘김 증류주 쌀 구기자 삼  
257,세종대왕어주약주,담백 약주/청주 쌀 선물 친구 명절 반주 안주 부모님 선물 파티 가족 저도수 친구 명절 반주 안주 부모님 선물 파티 가족
258,세종대왕어주탁주,담백 탁주 쌀 고문헌 선물 커플 크리스마스 저도수 선물 커플 크리스마스
259,세종쌀막걸리,탁주  저도수 
260,세종알밤주,담백 기타주류 밤 커플 친구 명절 선물 추천 가족 저도수 커플 친구 명절 선물 추천 가족
261,세종오가닉,목넘김 약주/청주 선물  저도수 
262,세종청주생막걸리,탁주 쌀  저도수 
263,소나무와학,향기 증류주 쌀 솔잎  
264,소백산검은콩막걸리,탁주  저도수 
265,소백산생막걸리,탁주 쌀 파티  저도수 
266,소백산생만찬주,탁주 쌀  저도수 
267,소백산오곡진상주,탁주 쌀 보리 밀  저도수 
268,소백산청동동주,약주/청주 쌀  저도수 
269,소양강생막걸리,탁주  저도수 
270,솔송주,목넘김 담백 약주/청주 선물 커플 친구 반주 안주 선물 추천 가족 저도수 커플 친구 반주 안주 선물 추천 가족
271,송명섭막걸리,탁주 쌀 선물  저도수 
272,송이주,약주/청주 쌀 홈술 디저트 친구 안주 부모님 선물 추천 가족 저도수 디저트 친구 안주 부모님 선물 추천 가족
273,송화백일주,목넘김 기타주류 쌀 찹쌀 오미자 구기자 꿀 솔잎 산수유  
274,순향주,약주/청주 쌀 파티  저도수 
275,술공방9,담백 탄산 탁주 쌀 밀 커플 디저트 친구 명절 행사 안주 부모님 기념일 추천 파티 가족 계절 저도수 커플 디저트 친구 명절 행사 안주 부모님 기념일 추천 파티 가족 계절
276,술그리다생탁주,담백 탁주 쌀 안주 부모님 저도수 안주 부모님
277,술샘이화주,탁주 쌀 고문헌 선물 커플 친구 안주 저도수 선물 커플 친구 안주
278,술아국화주,약주/청주 쌀 찹쌀 꽃 홈술 디저트 명절 반주 안주 부모님 선물 추천 가족 계절 저도수 디저트 명절 반주 안주 부모님 선물 추천 가족 계절
279,술아막걸리,탁주 쌀 찹쌀  저도수 
280,술아매화주,약주/청주 쌀 찹쌀 꽃 홈술 선물 커플 디저트 부모님 저도수 선물 커플 디저트 부모님
281,술아순곡주,약주/청주 쌀 찹쌀 홈술 혼술 디저트 혼술 디저트
282,술아연화주,약주/청주 쌀 찹쌀 꽃 홈술 부모님 저도수 부모님
283,술예쁘다생탁주,탁주 쌀 무감미료  저도수 
284,술취한원숭이,담백 탁주 쌀 이색전통주 커플 디저트 친구 캠핑 안주 부모님 선물 추천 크리스마스 가족 계절 저도수 커플 디저트 친구 캠핑 안주 부모님 선물 추천 크리스마스 가족 계절
285,술헤는밤,탁주 쌀  저도수 
286,스타베리오디와인,과실주 포도  저도수 
287,시나브로드글로리아,과실주 포도 홈술  저도수 
288,시나브로레드드라이,과실주 포도  저도수 
289,시나브로레드스위트,과실주 포도 홈술  저도수 
290,시나브로로제와인,과실주 포도 파티  저도수 
291,시나브로에뚜왈로제스파클링와인,탄닌감 탄산 과실주 포도 파티 커플 디저트 친구 안주 선물 파티 추천 저도수 커플 디저트 친구 안주 선물 파티 추천
292,시나브로에뚜왈스파클링,탄산 과실주 포도 과일류 커플 친구 선물 파티 추천 크리스마스 행사 저도수 커플 친구 선물 파티 추천 크리스마스 행사
293,시나브로화이트와인,과실주 포도 선물  저도수 
294,시인의마을우리쌀막걸리,탁주 쌀  저도수 
295,신례명주,증류주 귤 과일류  
296,신선주,약주/청주 쌀 구기자 삼 솔잎 명절  
297,신선주백주,목넘김 탁주 쌀 찹쌀 약재 무감미료  저도수 
298,신선주약주,약주/청주 쌀 찹쌀 약재 선물 가족 부모님 선물 가족 부모님
299,신선주증류주,향기 증류주 쌀 찹쌀 약재  
300,심플리애플,향기 기타주류 쌀 사과 꿀  저도수 
301,아이싱,탁주 쌀 탄산  저도수 
302,아이원막걸리,탁주 쌀 밀  저도수 
303,아황주,약주/청주 쌀 찹쌀 고문헌  
304,안동소주느낌19.8,증류주  
305,안동소주느낌30,향기 목넘김 증류주  
306,안동소주일품17,증류주 쌀 선물 친구 안주 선물 친구 안주
307,안동소주일품21,증류주 쌀 친구 캠핑 명절 부모님 선물 추천 가족 친구 캠핑 명절 부모님 선물 추천 가족
308,안동소주일품골드,증류주 쌀 커플 친구 명절 안주 부모님 선물 파티 커플 친구 명절 안주 부모님 선물 파티
309,안동소주필Feel,향기 목넘김 증류주  
310,안성맞춤생막걸리,탁주 쌀  저도수 
311,안양동동주,탁주 쌀 찹쌀  저도수 
312,애석,약주/청주 쌀 명절  저도수 
313,애피소드상그리아,탄닌감 탄산 과실주 포도 친구 저도수 친구
314,애피소드애플,탄산 과실주 사과 명절 저도수 명절
315,애피소드호프,기타주류 쌀 사과 보리 과일류  저도수 
316,야관문막걸리,탁주 쌀  저도수 
317,양촌생동동주,탁주 무감미료  저도수 
318,양촌생막걸리,탁주  저도수 
319,어우야,목넘김 기타주류 홈술  
320,여강,향기 목넘김 증류주 쌀  
321,여포의꿈레드드라이,탄닌감 과실주 포도 선물 파티 가족 저도수 파티 가족
322,여포의꿈레드스위트,탄닌감 탄산 과실주 포도 선물 친구 저도수 친구
323,여포의꿈화이트,과실주 포도 선물 커플 명절 반주 선물 가족 저도수 커플 명절 반주 선물 가족
324,연천아주,탁주 쌀  저도수 
325,연천연주,약주/청주 쌀  저도수 
326,연천우주,향기 증류주 쌀  
327,영일만친구막걸리,탁주 쌀  저도수 
328,예담은한산소곡주,약주/청주 쌀 찹쌀 명절  
329,예담은한산소곡화주,증류주 쌀 찹쌀 명절  
330,예밀와인레드드라이,과실주 포도  저도수 
331,예밀와인로제,과실주 포도  저도수 
332,예밀와인레드스위트,과실주 포도  저도수 
333,예주,과실주 복분자  저도수 
334,예천주복만월24,향기 증류주 복분자 베리류 선물 명절 친구 선물 명절 친구
335,예천주복만월40,향기 목넘김 증류주 복분자 베리류 친구 명절 안주 기념일 선물 파티 가족 친구 명절 안주 기념일 선물 파티 가족
336,예천주사월24,향기 증류주 오미자 베리류  
337,예천주사월36.5,향기 목넘김 증류주 오미자 베리류  
338,예화,약주/청주 쌀  저도수 
339,옛날막걸리古,탁주 쌀 무감미료  저도수 
340,오디랑,목넘김 과실주 오디 소용량 디저트 명절 안주 선물 추천 저도수 디저트 명절 안주 선물 추천
341,오매백주,담백 탁주 쌀 무감미료 디저트 반주 추천 부모님 저도수 디저트 반주 추천 부모님
342,오메기맑은술,약주/청주 쌀 선물  
343,오메기술,담백 약주/청주 쌀 감초 홈술 커플 친구 안주 부모님 선물 추천 저도수 커플 친구 안주 부모님 선물 추천
344,오매락퍽,향기 기타주류 이색전통주  
345,오목대,기타주류 보리 탄산  저도수 
346,오미로제프리미어와인,탄닌감 과실주 오미자 선물 커플 저도수 커플
347,오미시앙스페셜,과실주 오미자  저도수 
348,오산막걸리,담백 탁주 쌀 무감미료 디저트 친구 반주 부모님 안주 추천 혼술 저도수 디저트 친구 반주 부모님 안주 추천 혼술
349,오희스파클링막걸리,담백 탄산 탁주 오미자 선물 반주 친구 저도수 선물 반주 친구
350,왕율주,향기 목넘김 증류주 쌀 밤 선물 친구 추천 안주 선물 친구 추천 안주
351,왕피천을품은미소생막걸리,탁주 쌀  저도수 
352,우곡생주,탁주 쌀 무감미료 복날 선물 안주 저도수 복날 선물 안주
353,우도땅콩전통주,담백 기타주류 땅콩 디저트 안주 선물 기념일 추천 저도수 디저트 안주 선물 기념일 추천
354,우렁이쌀손막걸리,탁주 쌀  저도수 
355,운암1945,담백 약주/청주 쌀 커플 친구 명절 선물 가족 저도수 커플 친구 명절 선물 가족
356,원매,향기 기타주류 꿀 홈술  저도수 
357,원매프리미엄,향기 기타주류 꿀  
358,원조소곡화주,향기 목넘김 증류주 쌀 찹쌀 소용량  
359,원조한산소곡주,약주/청주 쌀 찹쌀  
360,월매쌀막걸리,탁주 소용량  저도수 
361,유기농이도14,약주/청주 쌀 밀 선물 친구 저도수 친구
362,유기농이도42,증류주 쌀 선물  
363,유자동동주,탁주 쌀  저도수 
364,유자생막걸리,탁주 쌀  저도수 
365,율무동동주,탁주 쌀 드라이  저도수 
366,은자골곶감생탁배기,탁주  저도수 
367,은자골생탁배기,탁주  저도수 
368,이강주19,기타주류 쌀 꿀 생강 계피 커플 친구 명절 선물 추천 가족 커플 친구 명절 선물 추천 가족
369,이강주25,기타주류 쌀 꿀 생강 계피 복날 커플 친구 명절 부모님 안주 선물 추천 파티 가족 행사 복날 커플 친구 명절 부모님 안주 선물 추천 파티 가족 행사
370,이도32,목넘김 증류주 선물 선물
371,이동생쌀막걸리,탁주 탄산  저도수 
372,이동쌀막걸리,탁주  저도수 
373,이상헌약주,약주/청주 쌀 진한맛  
374,이상헌탁주,탁주 쌀  
375,이화백주,탁주 쌀 파티  저도수 
376,인천생소성주,탁주 쌀 탄산  저도수 
377,입장탁주,탁주 쌀  저도수 
378,자두와인레드,과실주 이색전통주  저도수 
379,자두와인화이트,과실주  저도수 
380,자연담은복분자막걸리,탁주 쌀 복분자 기념일 반주 추천 선물 저도수 기념일 반주 추천 선물
381,자연송이주,기타주류 버섯  
382,자희향국화주,약주/청주 쌀 찹쌀 무감미료  저도수 
383,자희향나비생탁주,탁주 쌀 찹쌀  저도수 
384,자희향탁주,탁주 쌀 찹쌀 선물  저도수 
385,장수생막걸리,탁주 탄산  저도수 
386,장수오미자주,탄닌감 과실주 오미자 베리류 선물 선물
387,장홍삼장수막걸리,탁주 삼  저도수 
388,정고집나주배약주15,담백 약주/청주 쌀 과일류 계절 친구 저도수 계절 친구
389,정고집나주배약주9,약주/청주 쌀 과일류  저도수 
390,정고집나주쌀생막걸리,탁주 쌀 혼술 추천 안주 저도수 혼술 추천 안주
391,정고집옛날생동동주,탁주 쌀 커플 부모님 기념일 선물 추천 저도수 커플 부모님 기념일 선물 추천
392,제주고소리술,향기 증류주 선물 파티 선물 파티
393,젤코바스페셜,과실주 포도 머루 베리류  저도수 
394,젤코바캠벨와인,과실주 포도 베리류  저도수 
395,젤코바프리미엄와인,과실주 포도 머루 베리류  저도수 
396,조선주조사,약주/청주 쌀 홈술 친구 반주 안주 선물 추천 계절 저도수 친구 반주 안주 선물 추천 계절
397,조은술세종바나나주,담백 기타주류 쌀 과일류 커플 디저트 부모님 선물 가족 저도수 커플 디저트 부모님 선물 가족
398,주몽복분자주,기타주류 쌀 복분자 베리류 커플 반주 안주 선물 계절 커플 반주 안주 선물 계절
399,주산지막걸리,탁주 쌀 밀  저도수 
400,주시락톡쏘는복분자막걸리,탁주 쌀 복분자  저도수 
401,죽력고,향기 증류주 쌀 선물 선물 커플 디저트 친구 선물 커플 디저트 친구
402,죽향생막걸리,탁주 쌀  저도수 
403,줄포생막걸리,탁주 쌀  저도수 
404,지란지교무화과탁주,담백 탁주 쌀 찹쌀 밀 과일류 디저트 안주 저도수 디저트 안주
405,지란지교약주,약주/청주 쌀 찹쌀 밀 무감미료  
406,지란지교탁주,담백 탁주 쌀 찹쌀 선물 추천 저도수 선물 추천
407,지리산정담생막걸리,탁주 쌀  저도수 
408,지리산허브잎술,탁주 쌀  저도수 
409,지장수생막걸리,탁주 쌀  저도수 
410,지장수호박막걸리,탁주 쌀  저도수 
411,지장수호박생막걸리,탁주 쌀  저도수 
412,지평생쌀막걸리,탁주 쌀 가성비  저도수 
413,지평생옛막걸리,탁주 밀 가성비  저도수 
414,진도홍주루비콘,향기 기타주류 쌀  
415,진맥소주22,향기 증류주 밀 홈술 친구 추천 친구 추천
416,진맥소주40,향기 목넘김 증류주 밀 홈술 선물 커플 친구 안주 선물 커플 친구 안주
417,진맥소주53,향기 목넘김 증류주 밀 선물 부모님 선물 부모님
418,진심홍삼인삼주19,증류주 쌀 삼 삼(蔘)류 선물 파티 친구 선물 파티 친구
419,진심홍삼인삼주38,증류주 쌀 삼 선물 명절 선물 명절
420,진심홍삼주19,증류주 쌀 삼  
421,진쾌남,향기 목넘김 기타주류 쌀 오미자 구기자 밤 산수유 오가피  
422,찰막걸리,탁주 쌀 찹쌀 밀  저도수 
423,창원생탁주,탁주 쌀  저도수 
424,천년담주,약주/청주 꿀  저도수 
425,천년전주생막걸리,탁주 쌀  저도수 
426,천년주,목넘김 증류주 쌀  
427,천등산차례주,약주/청주 쌀  저도수 
428,천마몽,기타주류 쌀  
429,천마이야기,탁주 오미자  저도수 
430,천매,향기 기타주류 꿀  
431,천비향오양주약주,약주/청주 쌀 파티 선물 친구 추천 안주 선물 친구 추천 안주
432,천비향오양주탁주,탁주 쌀 선물 선물 저도수 선물
433,천비향화주,향기 목넘김 증류주 쌀 선물  
434,천안연미주,약주/청주 삼 약재  저도수 
435,천지주가햅쌀생막걸리,탁주 쌀  저도수 
436,청남대블루베리생막걸리,담백 탄산 탁주 쌀 베리  저도수 
437,청명주,담백 약주/청주 쌀 찹쌀 선물 디저트 친구 안주 부모님 선물 추천 가족 디저트 친구 안주 부모님 선물 추천 가족
438,청산녹수꿀막걸리,탁주 쌀 사과 꿀  저도수 
439,청산녹수사미인주,탁주 쌀 꿀 무감미료  저도수 
440,청산녹수생탁주,탁주 쌀 사과  저도수 
441,청세주,약주/청주 쌀  
442,청송얼음골동동주,탁주 쌀 사과 밀  저도수 
443,청송주왕사과막걸리,탁주 쌀 사과 밀  저도수 
444,청양둔송구기주,약주/청주 쌀 구기자 감초 선물  
445,청진주,약주/청주 쌀 찹쌀 선물  
446,청춘,약주/청주 쌀  저도수 
447,초선의꿈로제,목넘김 탄닌감 과실주 포도 기념일 선물 명절 저도수 선물 명절
448,추사40,향기 증류주 사과 과일류 커플 디저트 친구 안주 선물 기념일 추천 가족 계절 커플 디저트 친구 안주 선물 기념일 추천 가족 계절
449,추사로제,과실주 사과  저도수 
450,추사백25,향기 증류주 과일류 디저트 친구 캠핑 명절 안주 선물 파티 추천 계절 디저트 친구 캠핑 명절 안주 선물 파티 추천 계절
451,추사블루,과실주 베리 이색전통주  저도수 
452,추사애플와인,과실주 사과 선물 디저트 친구 명절 부모님 선물 기념일 파티 크리스마스 저도수 디저트 친구 명절 부모님 선물 기념일 파티 크리스마스
453,추성주,증류주 쌀 오미자 구기자 선물 친구 명절 부모님 안주 선물 기념일 행사 친구 명절 부모님 안주 선물 기념일 행사
454,추시와인,기타주류  저도수 
455,충주백주,향기 증류주 쌀  
456,컨츄리산머루와인드라이,목넘김 과실주 머루  저도수 
457,컨츄리산머루와인스위트,과실주 머루  저도수 
458,컨츄리와인캠벨얼리스위트,목넘김 과실주 포도  저도수 
459,코이버펑크머스캣베일리에이,과실주 포도 베리류  저도수 
460,코이버펑크샤르도네세미용블랜드,과실주 포도 베리류  저도수 
461,코이버펑크카베르네소비뇽,과실주 베리류  저도수 
462,쿨샷7.5,과실주 복분자  저도수 
463,크라테레드와인드라이,과실주 머루  저도수 
464,크라테레드와인스위트,과실주 머루  저도수 
465,크라테로제와인,탄닌감 과실주 머루  저도수 
466,타미앙스,증류주 쌀 오미자 구기자 선물 선물 선물
467,톡쏘는알밤동동,기타주류 쌀 밤  저도수 
468,톡한잔골드,향기 기타주류 쌀 보리  
469,톡한잔소주,증류주 쌀 보리  
470,티나Tina,향기 목넘김 기타주류 이색전통주  
471,펀치쌀바나나,탄산 기타주류 쌀  저도수 
472,편백숲산소막걸리,탁주 쌀 사과  저도수 
473,편백숲산소막걸리딸기스파클링,탄산 탁주 쌀 찹쌀 이색전통주 선물 커플 디저트 저도수 선물 커플 디저트
474,편백숲산소막걸리순수령,탁주 쌀 찹쌀 홈술  저도수 
475,평창머루주,과실주 머루  
476,평창오디주,과실주 오디  
477,포엠레드드라이와인,과실주 포도 머루  저도수 
478,포엠레드스위트와인,과실주 포도  저도수 
479,포엠로제와인,과실주 포도  저도수 
480,포엠화이트와인,과실주 포도 과일류 추천 저도수 추천
481,풍남문,기타주류 보리  저도수 
482,풍정사계동,향기 증류주 선물  
483,풍정사계추,탁주 선물  저도수 
484,풍정사계춘,약주/청주 선물  저도수 
485,풍정사계하,약주/청주  
486,하향주,약주/청주 쌀 찹쌀  
487,하향주증류주,향기 목넘김 증류주 쌀 찹쌀  
488,한비동충하초술,향기 기타주류 쌀 오가피  
489,한비무병장수술,향기 기타주류 쌀 오미자 복분자 구기자 삼 산수유 오가피 삼(蔘)류  
490,한비쌀소주,목넘김 증류주 쌀  
491,한비오가피술,기타주류 쌀 오가피  
492,한산소곡주,목넘김 약주/청주 쌀 찹쌀 생강 선물 커플 친구 명절 부모님 안주 선물 추천 가족 커플 친구 명절 부모님 안주 선물 추천 가족
493,한스오차드사과와인,과실주 사과 홈술 커플 디저트 친구 안주 선물 추천 저도수 커플 디저트 친구 안주 선물 추천
494,한시울,향기 목넘김 증류주 쌀  
495,한주,향기 목넘김 증류주 쌀 밀 친구 캠핑 반주 선물 추천 가족 친구 캠핑 반주 선물 추천 가족
496,해미읍성딸기와인,과실주  저도수 
497,해미읍성매실와인,과실주  저도수 
498,해미읍성모과와인,과실주  저도수 
499,해미읍성살구와인,과실주  저도수 
500,해방주18.8,증류주 쌀 선물 친구 안주 선물 친구 안주
501,해방주38,향기 목넘김 증류주 쌀  
502,해창12도생막걸리,탁주 쌀 찹쌀 복날 부모님 선물 파티 추천 저도수 복날 부모님 선물 파티 추천
503,해창9도생막걸리,탁주 쌀 찹쌀 홈술 복날 명절 부모님 선물 기념일 저도수 복날 명절 부모님 선물 기념일
504,해창찹쌀생막걸리,탁주 쌀 찹쌀  저도수 
505,해파랑,약주/청주 쌀  저도수 
506,햇찹쌀이하늘수,탁주 쌀 찹쌀  저도수 
507,행운막걸리,탁주 쌀  저도수 
508,행운주,약주/청주 밀  저도수 
509,향수우리밀막걸리,탁주 밀  저도수 
510,허니문와인,기타주류 꿀 파티 커플 친구 기념일 선물 추천 행사 저도수 커플 친구 기념일 선물 추천 행사
511,허니비와인,기타주류 꿀 파티 선물 디저트 파티 친구 저도수 선물 디저트 파티 친구
512,호담,기타주류 삼 삼(蔘)류  
513,호담산양산삼막걸리,탁주 쌀 삼  저도수 
514,호담산양산삼주,약주/청주 삼  저도수 
515,호땅,기타주류 쌀 땅콩 디저트 저도수 디저트
516,호랑이생막걸리,탁주 쌀  저도수 
517,호모루덴스,탁주 쌀 드라이  저도수 
518,혼디주,과실주 귤 선물 커플 디저트 친구 캠핑 명절 안주 선물 기념일 추천 혼술 저도수 커플 디저트 친구 캠핑 명절 안주 선물 기념일 추천 혼술
519,홍로,향기 증류주 쌀 찹쌀  
520,홍삼명주,목넘김 담백 기타주류 삼 삼(蔘)류 복날 커플 디저트 명절 반주 부모님 안주 선물 추천 가족 계절 혼술 행사 저도수 복날 커플 디저트 명절 반주 부모님 안주 선물 추천 가족 계절 혼술 행사
521,홍천강탁주,탁주 쌀  저도수 
522,화주,목넘김 증류주 쌀 삼 삼(蔘)류  
523,황금보리소주17,증류주 보리 선물 친구 선물 친구
524,황금보리소주25,향기 증류주 보리 선물 추천 부모님 선물 추천 부모님
525,황금보리소주40,향기 목넘김 증류주 보리 선물 파티 친구 선물 파티 친구
526,황진이,약주/청주 쌀 오미자 산수유 선물 커플 명절 친구 저도수 선물 커플 명절 친구
527,황칠주,목넘김 기타주류  
528,회곡생동동주,탁주 쌀  저도수 
529,회곡생막걸리,탁주 쌀  저도수 
530,흑돈주,목넘김 기타주류  
531,희양산막걸리15,탁주 쌀 무감미료  저도수 
532,희양산막걸리9,담백 탁주 쌀 무감미료 선물 친구 저도수 선물 친구
