total_index,review,review2
12,,
20,"['선물'] ['선물'] ['선물'] ['선물'] ['선물'] ['선물'] ['커플', '반주'] ['파티'] ['파티'] ['파티'] ['파티'] ['파티'] ['파티'] ['파티'] ['파티'] ['파티'] ['안주'] ['안주'] ['안주'] ['안주'] ['안주'] ['가족', '선물'] ['가족', '선물'] ['가족', '선물'] ['가족', '선물'] ['가족', '선물']",선물 반주 안주 파티 가족 커플
21,"['선물'] ['선물'] ['선물'] ['선물'] ['선물'] ['선물'] ['선물'] ['선물'] ['선물'] ['선물'] ['선물'] ['선물'] ['선물'] ['선물'] ['선물'] ['선물'] ['선물'] ['선물'] ['선물'] ['선물'] ['선물'] ['선물'] ['선물'] ['선물'] ['선물'] ['선물'] ['선물'] ['선물'] ['선물'] ['선물'] ['선물'] ['선물'] ['선물'] ['선물'] ['선물'] ['선물'] ['선물'] ['선물'] ['선물'] ['선물'] ['선물'] ['선물'] ['선물'] ['선물'] ['선물'] ['선물'] ['선물'] ['선물'] ['선물'] ['선물'] ['선물'] ['선물'] ['선물'] ['선물'] ['선물'] ['선물'] ['선물'] ['선물'] ['선물'] ['선물'] ['선물'] ['선물'] ['선물'] ['선물'] ['선물'] ['선물'] ['선물'] ['선물'] ['선물'] ['선물'] ['선물'] ['선물'] ['선물'] ['선물'] ['선물'] ['선물'] ['선물'] ['선물'] ['선물'] ['선물'] ['선물'] ['선물'] ['선물'] ['선물'] ['선물'] ['선물'] ['선물'] ['선물'] ['선물'] ['선물'] ['선물'] ['선물'] ['선물'] ['선물'] ['선물'] ['선물'] ['커플', '명절', '선물'] ['커플', '명절', '선물'] ['커플', '명절', '선물'] ['명절', '선물'] ['명절', '선물'] ['명절', '선물'] ['명절', '선물'] ['명절', '선물'] ['기념일', '선물'] ['기념일', '선물'] ['부모님', '부모님', '선물'] ['부모님', '부모님', '선물'] ['부모님', '부모님', '부모님', '선물'] ['부모님', '부모님', '부모님', '선물'] ['선물', '안주'] ['부모님', '행사', '추천', '선물', '안주', '안주'] ['부모님', '행사', '추천', '선물', '안주', '안주'] ['부모님', '행사', '추천', '선물', '안주', '안주'] ['부모님', '행사', '추천', '선물', '안주', '안주'] ['부모님', '행사', '추천', '선물', '안주', '안주'] ['부모님', '행사', '추천', '선물', '안주', '안주'] ['부모님', '행사', '추천', '선물', '안주', '안주'] ['부모님', '행사', '추천', '선물', '안주', '안주'] ['부모님', '행사', '추천', '선물', '안주', '안주'] ['부모님', '행사', '추천', '선물', '안주', '안주'] ['가족', '친구', '추천', '선물'] ['가족', '친구', '추천', '선물'] ['가족', '친구', '추천', '선물'] ['가족', '친구', '추천', '선물'] ['가족', '친구', '추천', '선물'] ['가족', '친구', '추천', '선물'] ['가족', '친구', '추천', '선물'] ['가족', '친구', '추천', '선물'] ['가족', '친구', '추천', '선물'] ['가족', '친구', '추천', '선물'] ['추천'] ['추천'] ['추천'] ['추천'] ['추천'] ['추천'] ['추천'] ['추천'] ['추천'] ['추천'] ['추천'] ['추천'] ['추천'] ['추천'] ['추천'] ['추천'] ['추천'] ['추천'] ['추천'] ['추천'] ['추천'] ['추천'] ['추천'] ['추천'] ['추천'] ['부모님', '부모님', '명절'] ['부모님', '부모님', '명절'] ['부모님', '부모님', '명절'] ['부모님', '부모님', '명절'] ['부모님', '부모님', '명절'] ['부모님', '부모님', '명절'] ['부모님', '부모님', '명절'] ['부모님', '부모님', '명절'] ['부모님', '부모님', '명절'] ['친구', '부모님', '선물'] ['친구', '부모님', '선물'] ['친구', '부모님', '선물'] ['친구', '부모님', '선물'] ['친구', '부모님', '선물'] ['친구', '부모님', '선물'] ['친구', '부모님', '선물'] ['친구', '부모님', '선물'] ['가족', '명절', '명절', '명절', '명절', '선물'] ['가족', '명절', '명절', '명절', '명절', '선물'] ['가족', '명절', '명절', '명절', '명절', '선물'] ['가족', '명절', '명절', '명절', '명절', '선물'] ['가족', '명절', '명절', '명절', '명절', '선물'] ['가족', '명절', '명절', '명절', '명절', '선물'] ['가족', '명절', '명절', '명절', '명절', '선물'] ['부모님', '행사', '선물'] ['부모님', '행사', '선물'] ['부모님', '행사', '선물'] ['부모님', '행사', '선물'] ['부모님', '행사', '선물'] ['부모님', '행사', '선물'] ['부모님', '행사', '선물']",명절 선물 기념일 안주 행사 가족 추천 커플 친구 부모님
24,"['친구', '선물'] ['친구', '선물'] ['친구', '선물'] ['친구', '선물'] ['친구', '선물'] ['친구', '선물'] ['친구', '선물'] ['친구', '선물'] ['친구', '선물'] ['친구', '선물'] ['친구', '선물'] ['친구', '선물'] ['친구', '선물'] ['친구', '선물'] ['친구', '선물'] ['친구', '선물'] ['친구', '선물'] ['친구', '선물'] ['친구', '선물'] ['친구', '선물'] ['친구', '선물'] ['친구', '선물'] ['친구', '선물'] ['친구', '선물'] ['친구', '선물'] ['친구', '선물'] ['친구', '선물'] ['친구', '선물'] ['친구', '선물'] ['친구', '선물'] ['친구', '선물'] ['친구', '선물'] ['친구'] ['친구'] ['친구'] ['친구'] ['친구'] ['친구'] ['친구'] ['친구'] ['친구'] ['친구'] ['친구'] ['친구'] ['친구'] ['친구'] ['친구'] ['친구'] ['친구'] ['친구'] ['친구'] ['친구'] ['친구'] ['친구'] ['친구'] ['친구'] ['친구'] ['친구'] ['친구'] ['친구'] ['친구'] ['친구'] ['친구'] ['친구'] ['친구'] ['친구'] ['친구'] ['친구'] ['친구'] ['친구'] ['친구'] ['친구'] ['친구'] ['친구'] ['친구'] ['친구'] ['친구'] ['친구'] ['친구'] ['친구'] ['친구'] ['친구'] ['친구'] ['친구'] ['친구'] ['친구'] ['친구'] ['친구'] ['친구'] ['친구'] ['친구'] ['친구'] ['친구'] ['친구'] ['친구'] ['친구'] ['추천'] ['추천'] ['추천'] ['추천'] ['추천'] ['추천'] ['추천'] ['추천'] ['추천'] ['추천'] ['추천'] ['추천'] ['추천'] ['추천'] ['추천'] ['추천'] ['추천'] ['추천'] ['추천'] ['추천'] ['추천'] ['추천'] ['추천'] ['추천'] ['추천'] ['추천'] ['추천'] ['추천'] ['추천'] ['추천'] ['추천'] ['명절', '선물'] ['명절', '선물'] ['명절', '선물'] ['명절', '선물'] ['명절', '선물'] ['명절', '선물'] ['명절', '선물'] ['명절', '선물'] ['명절', '선물'] ['명절', '선물'] ['명절', '선물'] ['명절', '선물'] ['명절', '선물'] ['명절', '선물'] ['명절', '선물'] ['명절', '선물'] ['명절', '선물'] ['명절', '선물'] ['명절', '선물'] ['명절', '선물'] ['명절', '선물'] ['명절', '선물'] ['명절', '선물'] ['명절', '선물'] ['명절', '선물'] ['명절', '선물'] ['명절', '선물'] ['명절', '선물'] ['명절', '선물'] ['명절', '선물'] ['명절', '선물']",명절 선물 추천 친구
26,"['캠핑', '계절', '추천'] ['선물'] ['선물'] ['선물'] ['선물'] ['선물'] ['선물'] ['계절'] ['계절'] ['계절'] ['계절'] ['계절'] ['계절'] ['계절'] ['계절'] ['계절'] ['계절'] ['계절'] ['가족'] ['친구'] ['안주'] ['안주'] ['안주'] ['안주'] ['안주'] ['부모님'] ['부모님'] ['커플', '파티', '계절'] ['명절', '명절'] ['가족', '친구', '부모님', '커플', '크리스마스', '선물'] ['친구', '선물'] ['친구', '선물'] ['추천'] ['추천'] ['추천'] ['계절', '계절'] ['친구', '계절'] ['안주', '안주', '안주'] ['안주', '안주', '안주'] ['명절'] ['부모님', '안주', '안주'] ['커플'] ['명절', '계절'] ['혼술'] ['친구', '친구', '혼술', '선물'] ['계절', '안주'] ['디저트', '안주'] ['혼술', '안주'] ['반주']",명절 선물 안주 반주 파티 계절 가족 캠핑 추천 커플 크리스마스 디저트 친구 부모님 혼술
36,"['디저트'] ['디저트'] ['디저트'] ['디저트'] ['디저트'] ['디저트'] ['디저트'] ['디저트'] ['디저트'] ['디저트'] ['디저트'] ['디저트'] ['디저트'] ['디저트'] ['명절', '선물'] ['명절', '선물'] ['명절', '선물'] ['명절', '선물'] ['명절', '선물'] ['명절', '선물'] ['명절', '선물'] ['명절', '선물'] ['명절', '선물'] ['명절', '선물'] ['명절', '선물'] ['명절', '선물'] ['명절', '선물'] ['명절', '선물'] ['선물'] ['선물'] ['선물'] ['선물'] ['선물'] ['선물'] ['선물'] ['선물'] ['선물'] ['선물'] ['선물'] ['선물'] ['선물'] ['선물'] ['선물'] ['선물'] ['선물'] ['선물'] ['선물'] ['선물'] ['선물'] ['선물'] ['선물'] ['선물'] ['선물'] ['선물'] ['선물'] ['선물'] ['선물'] ['선물'] ['선물'] ['선물'] ['선물'] ['선물'] ['선물'] ['선물'] ['선물'] ['선물'] ['선물'] ['선물'] ['친구', '파티', '선물'] ['친구', '파티', '선물'] ['친구', '파티', '선물'] ['친구', '파티', '선물'] ['친구', '파티', '선물'] ['친구', '파티', '선물'] ['친구', '파티', '선물'] ['친구', '파티', '선물'] ['친구', '파티', '선물'] ['친구', '파티', '선물'] ['친구', '파티', '선물'] ['추천'] ['추천'] ['추천'] ['추천'] ['파티', '선물'] ['파티', '선물'] ['파티', '선물'] ['파티', '선물'] ['파티', '선물'] ['파티', '선물'] ['파티', '선물'] ['파티', '선물'] ['추천', '선물'] ['추천', '선물'] ['추천', '선물'] ['친구', '반주'] ['친구', '반주'] ['친구', '반주'] ['파티', '파티'] ['파티', '파티'] ['파티', '파티'] ['친구', '선물', '디저트'] ['친구'] ['친구'] ['친구'] ['추천', '안주'] ['계절'] ['명절'] ['커플'] ['커플'] ['혼술'] ['부모님', '커플'] ['커플', '기념일'] ['친구', '선물'] ['커플', '파티', '파티'] ['추천', '디저트'] ['친구', '기념일'] ['부모님']",명절 선물 기념일 반주 안주 파티 계절 부모님 디저트 추천 커플 친구 혼술
39,"['선물'] ['선물'] ['선물'] ['선물'] ['선물'] ['선물'] ['선물'] ['선물'] ['선물'] ['선물'] ['선물'] ['선물'] ['선물'] ['선물'] ['선물'] ['선물'] ['선물'] ['선물'] ['선물'] ['선물'] ['선물'] ['선물'] ['선물'] ['가족', '명절'] ['가족', '명절'] ['가족', '명절'] ['가족', '명절'] ['가족', '명절'] ['가족', '명절'] ['가족', '명절'] ['가족', '명절'] ['가족', '명절'] ['가족', '명절'] ['가족', '명절'] ['명절', '선물'] ['명절', '선물'] ['명절', '선물'] ['명절', '선물'] ['명절', '선물'] ['명절', '선물'] ['명절', '선물'] ['명절', '선물'] ['명절', '선물'] ['명절', '선물'] ['명절', '선물'] ['반주', '반주', '안주'] ['반주', '반주', '안주'] ['반주', '반주', '안주'] ['반주', '반주', '안주'] ['반주', '반주', '안주'] ['반주', '반주', '안주'] ['반주', '반주', '안주'] ['반주', '반주', '안주'] ['반주', '반주', '안주'] ['반주', '반주', '안주'] ['반주', '반주', '안주'] ['친구', '크리스마스', '선물']",명절 선물 반주 안주 가족 크리스마스 친구
45,,
52,"['친구', '선물'] ['선물']",선물 친구
53,['선물'] ['선물'] ['선물'],선물
54,,
58,"['가족', '부모님'] ['가족', '부모님'] ['부모님'] ['부모님'] ['부모님'] ['선물'] ['선물'] ['추천'] ['부모님', '부모님']",선물 추천 부모님 가족
59,"['안주'] ['안주'] ['안주'] ['안주'] ['안주'] ['커플'] ['부모님'] ['부모님'] ['부모님'] ['명절', '선물'] ['명절', '선물'] ['명절', '선물'] ['명절', '선물'] ['선물'] ['선물'] ['선물'] ['선물'] ['선물'] ['선물'] ['선물'] ['부모님', '선물'] ['복날'] ['친구', '선물'] ['디저트'] ['파티', '복날'] ['가족', '선물']",명절 선물 복날 안주 파티 가족 디저트 커플 친구 부모님
60,"['부모님', '부모님', '커플', '명절', '선물'] ['선물'] ['선물'] ['선물'] ['선물'] ['선물'] ['선물']",명절 선물 부모님 커플
77,"['추천', '안주'] ['추천'] ['추천'] ['부모님'] ['디저트']",디저트 안주 추천 부모님
78,"['선물'] ['선물'] ['복날'] ['캠핑'] ['친구', '파티'] ['캠핑', '안주'] ['디저트'] ['추천']",복날 선물 안주 파티 캠핑 디저트 추천 친구
81,"['선물'] ['선물'] ['선물'] ['선물'] ['선물'] ['선물'] ['선물'] ['친구', '선물'] ['부모님', '선물'] ['부모님', '부모님']",선물 친구 부모님
82,"['선물'] ['선물'] ['선물'] ['선물'] ['선물'] ['선물'] ['선물'] ['선물'] ['선물'] ['선물'] ['선물'] ['선물'] ['선물'] ['선물'] ['선물'] ['선물'] ['선물'] ['선물'] ['선물'] ['선물'] ['선물'] ['선물'] ['선물'] ['선물'] ['선물'] ['선물'] ['선물'] ['선물'] ['반주', '안주'] ['반주', '안주'] ['반주', '안주'] ['부모님'] ['부모님'] ['부모님'] ['부모님'] ['부모님'] ['부모님'] ['친구', '부모님', '부모님', '커플', '추천'] ['친구', '부모님', '부모님', '커플', '추천'] ['친구', '부모님', '부모님', '커플', '추천'] ['명절', '선물'] ['명절', '선물'] ['명절', '선물'] ['부모님', '선물'] ['부모님', '선물'] ['부모님', '선물'] ['친구'] ['친구'] ['친구'] ['친구'] ['친구']",명절 선물 반주 안주 추천 커플 친구 부모님
84,"['친구', '커플', '명절', '복날', '선물'] ['친구', '커플', '명절', '복날', '선물'] ['친구', '커플', '명절', '복날', '선물'] ['친구', '커플', '명절', '복날', '선물'] ['명절', '선물'] ['명절', '선물'] ['명절', '선물'] ['명절', '선물'] ['가족', '친구', '선물'] ['가족', '친구', '선물'] ['가족', '친구', '선물'] ['가족', '친구', '선물'] ['안주'] ['안주'] ['안주'] ['안주'] ['선물'] ['선물'] ['선물'] ['선물']",명절 복날 선물 안주 가족 커플 친구
85,"['명절', '안주'] ['명절', '안주'] ['명절', '안주'] ['명절', '안주'] ['명절', '안주'] ['선물'] ['선물'] ['선물'] ['선물'] ['선물'] ['선물'] ['선물'] ['선물'] ['선물'] ['명절'] ['명절'] ['명절'] ['명절'] ['명절'] ['명절'] ['명절'] ['명절'] ['명절'] ['가족', '가족', '부모님', '명절', '명절'] ['가족', '가족', '부모님', '명절', '명절'] ['가족', '가족', '부모님', '명절', '명절'] ['가족', '가족', '부모님', '명절', '명절'] ['가족', '가족', '부모님', '명절', '명절'] ['안주'] ['안주'] ['안주'] ['안주'] ['친구', '선물'] ['친구', '선물'] ['친구', '선물'] ['친구', '선물'] ['가족'] ['가족'] ['가족'] ['가족']",명절 선물 안주 가족 친구 부모님
86,"['명절', '명절'] ['명절', '명절'] ['명절', '명절'] ['명절', '명절'] ['추천'] ['추천'] ['추천'] ['추천'] ['가족', '추천'] ['가족', '추천'] ['가족', '추천'] ['가족', '추천'] ['커플'] ['커플'] ['커플'] ['커플'] ['명절', '추천'] ['명절', '추천'] ['명절', '추천'] ['선물'] ['선물']",명절 선물 가족 추천 커플
89,"['선물'] ['선물'] ['선물'] ['선물'] ['선물'] ['가족', '부모님'] ['추천'] ['부모님', '행사'] ['명절', '선물'] ['친구', '커플', '커플', '안주'] ['파티', '선물'] ['친구', '커플', '커플'] ['반주']",명절 선물 안주 반주 파티 행사 가족 추천 커플 친구 부모님
90,"['선물'] ['선물'] ['선물'] ['선물'] ['선물'] ['선물'] ['선물'] ['선물'] ['선물'] ['선물'] ['선물'] ['선물'] ['선물'] ['선물'] ['선물'] ['선물'] ['선물'] ['선물'] ['선물'] ['선물'] ['선물'] ['선물'] ['선물'] ['선물'] ['선물'] ['선물'] ['선물'] ['선물'] ['선물'] ['선물'] ['선물'] ['선물'] ['선물'] ['선물'] ['선물'] ['선물'] ['선물'] ['선물'] ['선물'] ['선물'] ['선물'] ['선물'] ['선물'] ['선물'] ['선물'] ['선물'] ['선물'] ['선물'] ['선물'] ['선물'] ['선물'] ['선물'] ['선물'] ['선물'] ['선물'] ['선물'] ['선물'] ['선물'] ['선물'] ['선물'] ['선물'] ['선물'] ['선물'] ['선물'] ['선물'] ['선물'] ['선물'] ['선물'] ['선물'] ['선물'] ['선물'] ['선물'] ['선물'] ['선물'] ['선물'] ['선물'] ['선물'] ['선물'] ['선물'] ['선물'] ['선물'] ['선물'] ['선물'] ['선물'] ['선물'] ['선물'] ['선물'] ['선물'] ['선물'] ['선물'] ['선물'] ['선물'] ['선물'] ['선물'] ['선물'] ['선물'] ['선물'] ['선물'] ['선물'] ['선물'] ['선물'] ['선물'] ['선물'] ['선물'] ['선물'] ['선물'] ['선물'] ['선물'] ['선물'] ['선물'] ['선물'] ['선물'] ['선물'] ['선물'] ['선물'] ['선물'] ['선물'] ['선물'] ['선물'] ['선물'] ['선물'] ['선물'] ['선물'] ['선물'] ['선물'] ['선물'] ['선물'] ['선물'] ['선물'] ['선물'] ['선물'] ['선물'] ['선물'] ['선물'] ['선물'] ['선물'] ['선물'] ['선물'] ['선물'] ['선물'] ['선물'] ['선물'] ['선물'] ['선물'] ['선물'] ['선물'] ['선물'] ['선물'] ['선물'] ['선물'] ['선물'] ['선물'] ['선물'] ['선물'] ['선물'] ['선물'] ['선물'] ['선물'] ['선물'] ['선물'] ['선물'] ['선물'] ['선물'] ['선물'] ['선물'] ['선물'] ['선물'] ['선물'] ['선물'] ['선물'] ['선물'] ['선물'] ['선물'] ['선물'] ['선물'] ['선물'] ['선물'] ['선물'] ['선물'] ['선물'] ['추천'] ['추천'] ['추천'] ['추천'] ['추천'] ['추천'] ['추천'] ['추천'] ['추천'] ['추천'] ['추천'] ['추천'] ['추천'] ['추천'] ['추천'] ['추천'] ['추천'] ['추천'] ['추천'] ['추천'] ['추천'] ['추천'] ['추천'] ['추천'] ['추천'] ['추천'] ['추천'] ['추천'] ['추천'] ['추천'] ['추천'] ['추천'] ['추천'] ['추천'] ['추천'] ['추천'] ['추천'] ['추천'] ['추천'] ['추천'] ['추천'] ['추천'] ['추천'] ['추천'] ['추천'] ['추천'] ['추천'] ['추천'] ['추천'] ['추천'] ['추천'] ['추천'] ['추천'] ['추천'] ['추천'] ['추천'] ['추천'] ['추천'] ['추천'] ['추천'] ['파티'] ['파티'] ['파티'] ['파티'] ['파티'] ['파티'] ['파티'] ['파티'] ['파티'] ['파티'] ['파티'] ['파티'] ['파티'] ['파티'] ['파티'] ['파티'] ['파티'] ['파티'] ['파티'] ['파티'] ['파티'] ['파티'] ['파티'] ['파티'] ['파티'] ['파티'] ['파티'] ['파티'] ['파티'] ['캠핑'] ['캠핑'] ['캠핑'] ['캠핑'] ['캠핑'] ['캠핑'] ['캠핑'] ['캠핑'] ['캠핑'] ['캠핑'] ['캠핑'] ['캠핑'] ['캠핑'] ['캠핑'] ['캠핑'] ['캠핑'] ['캠핑'] ['캠핑'] ['캠핑'] ['캠핑'] ['캠핑'] ['캠핑'] ['캠핑'] ['캠핑'] ['캠핑'] ['캠핑'] ['캠핑'] ['캠핑'] ['캠핑'] ['커플', '선물'] ['명절', '선물'] ['커플'] ['커플'] ['행사'] ['혼술'] ['부모님', '안주', '안주']",명절 선물 안주 파티 행사 부모님 캠핑 추천 커플 혼술
96,,
97,['선물'] ['선물'] ['선물'] ['선물'] ['행사'] ['디저트'] ['파티'] ['부모님'] ['추천'] ['추천'],선물 파티 행사 디저트 추천 부모님
98,['명절'] ['선물'],명절 선물
114,"['부모님', '선물'] ['부모님', '선물'] ['부모님'] ['부모님']",선물 부모님
118,"['추천'] ['추천'] ['추천'] ['추천'] ['추천'] ['추천'] ['추천'] ['추천'] ['추천'] ['추천'] ['안주'] ['안주'] ['안주'] ['안주'] ['안주'] ['안주'] ['안주'] ['안주', '안주'] ['안주', '안주'] ['안주', '안주'] ['안주', '안주'] ['안주', '안주'] ['안주', '안주'] ['혼술', '안주'] ['선물'] ['선물'] ['혼술'] ['반주'] ['반주'] ['반주'] ['명절'] ['부모님', '반주'] ['친구'] ['파티'] ['친구', '추천']",명절 선물 안주 반주 파티 부모님 추천 친구 혼술
120,"['추천'] ['추천'] ['추천'] ['추천'] ['추천'] ['추천'] ['추천'] ['추천'] ['추천'] ['추천'] ['추천'] ['추천'] ['커플'] ['커플'] ['커플'] ['커플'] ['커플'] ['커플'] ['커플'] ['커플'] ['커플'] ['커플'] ['커플'] ['커플'] ['명절'] ['명절'] ['명절'] ['명절'] ['명절'] ['명절'] ['명절'] ['명절'] ['명절'] ['명절'] ['명절'] ['디저트'] ['디저트'] ['디저트'] ['디저트'] ['디저트'] ['디저트'] ['디저트'] ['디저트'] ['디저트'] ['디저트'] ['디저트'] ['디저트'] ['디저트'] ['디저트'] ['디저트'] ['디저트'] ['디저트'] ['디저트'] ['디저트'] ['디저트'] ['디저트'] ['선물'] ['선물'] ['선물'] ['선물'] ['선물'] ['선물'] ['선물'] ['선물'] ['선물'] ['선물'] ['선물'] ['선물'] ['친구'] ['추천', '선물']",명절 선물 디저트 추천 커플 친구
122,"['파티', '추천'] ['친구', '추천'] ['파티', '선물']",친구 선물 추천 파티
123,['안주'],안주
130,"['친구', '부모님', '선물'] ['디저트'] ['디저트'] ['안주'] ['선물']",선물 안주 디저트 친구 부모님
131,"['친구'] ['선물'] ['선물'] ['선물'] ['명절', '선물'] ['추천'] ['추천'] ['추천']",명절 선물 추천 친구
132,"['부모님', '선물'] ['가족']",선물 부모님 가족
140,['선물'] ['선물'],선물
146,"['추천'] ['추천'] ['추천'] ['추천'] ['추천'] ['추천'] ['추천'] ['추천'] ['추천'] ['추천'] ['추천'] ['추천'] ['추천'] ['추천'] ['추천'] ['추천'] ['추천'] ['추천'] ['추천'] ['추천'] ['추천'] ['추천'] ['추천'] ['추천'] ['추천'] ['추천'] ['추천'] ['추천'] ['추천'] ['추천'] ['추천'] ['추천'] ['추천'] ['추천'] ['추천'] ['추천'] ['추천'] ['추천'] ['추천'] ['추천'] ['추천'] ['추천'] ['추천'] ['추천'] ['추천'] ['추천'] ['추천'] ['추천'] ['추천'] ['추천'] ['추천'] ['추천'] ['추천'] ['추천'] ['추천'] ['추천'] ['추천'] ['추천'] ['추천'] ['추천'] ['추천'] ['추천'] ['추천'] ['추천'] ['추천'] ['추천'] ['추천'] ['추천'] ['추천'] ['추천'] ['추천'] ['추천'] ['추천'] ['추천'] ['추천'] ['추천'] ['추천'] ['추천'] ['추천'] ['추천'] ['추천'] ['캠핑'] ['캠핑'] ['캠핑'] ['캠핑'] ['캠핑'] ['캠핑'] ['캠핑'] ['캠핑'] ['캠핑'] ['캠핑'] ['캠핑'] ['캠핑'] ['캠핑'] ['캠핑'] ['캠핑'] ['캠핑'] ['캠핑'] ['캠핑'] ['캠핑'] ['캠핑'] ['캠핑'] ['캠핑'] ['캠핑'] ['캠핑'] ['캠핑'] ['캠핑'] ['캠핑'] ['명절', '선물'] ['명절', '선물'] ['명절', '선물'] ['명절', '선물'] ['명절', '선물'] ['명절', '선물'] ['명절', '선물'] ['명절', '선물'] ['명절', '선물'] ['명절', '선물'] ['명절', '선물'] ['명절', '선물'] ['명절', '선물'] ['명절', '선물'] ['명절', '선물'] ['명절', '선물'] ['명절', '선물'] ['명절', '선물'] ['명절', '선물'] ['명절', '선물'] ['명절', '선물'] ['명절', '선물'] ['명절', '선물'] ['명절', '선물'] ['명절', '선물'] ['명절', '선물'] ['부모님'] ['부모님'] ['부모님'] ['부모님'] ['부모님'] ['부모님'] ['부모님'] ['부모님'] ['부모님'] ['부모님'] ['부모님'] ['부모님'] ['부모님'] ['부모님'] ['부모님'] ['부모님'] ['부모님'] ['부모님'] ['부모님'] ['부모님'] ['부모님'] ['부모님'] ['부모님'] ['부모님'] ['부모님'] ['부모님']",명절 선물 캠핑 추천 부모님
151,,
156,,
158,"['안주'] ['안주'] ['안주'] ['안주'] ['안주'] ['안주'] ['안주'] ['안주'] ['안주'] ['안주'] ['안주'] ['안주'] ['안주'] ['안주'] ['안주'] ['안주'] ['안주'] ['안주'] ['안주'] ['안주'] ['안주'] ['안주'] ['안주'] ['안주'] ['친구', '명절', '선물'] ['친구', '명절', '선물'] ['친구', '명절', '선물'] ['친구', '명절', '선물'] ['친구', '명절', '선물'] ['친구', '명절', '선물'] ['친구', '명절', '선물'] ['친구', '명절', '선물'] ['친구', '명절', '선물'] ['친구', '명절', '선물'] ['친구', '명절', '선물'] ['친구', '명절', '선물'] ['친구', '명절', '선물'] ['친구', '명절', '선물'] ['친구', '명절', '선물'] ['친구', '명절', '선물'] ['친구', '명절', '선물'] ['친구', '명절', '선물'] ['친구', '명절', '선물'] ['친구', '명절', '선물'] ['친구', '명절', '선물'] ['친구', '명절', '선물'] ['친구', '명절', '선물'] ['친구', '명절', '선물'] ['친구', '명절', '선물'] ['친구', '명절', '선물'] ['친구', '명절', '선물'] ['친구', '명절', '선물'] ['친구', '명절', '선물'] ['친구', '명절', '선물'] ['친구', '명절', '선물'] ['친구', '명절', '선물'] ['친구', '명절', '선물'] ['친구', '명절', '선물'] ['친구', '명절', '선물'] ['친구', '명절', '선물'] ['친구', '명절', '선물'] ['친구', '명절', '선물'] ['친구', '명절', '선물'] ['친구', '명절', '선물'] ['친구', '명절', '선물'] ['친구', '명절', '선물'] ['친구', '명절', '선물'] ['친구', '명절', '선물'] ['친구', '명절', '선물'] ['친구', '명절', '선물'] ['친구', '명절', '선물'] ['친구', '명절', '선물'] ['부모님'] ['부모님'] ['부모님'] ['부모님'] ['부모님'] ['부모님'] ['부모님'] ['부모님'] ['부모님'] ['부모님'] ['부모님'] ['부모님'] ['부모님'] ['부모님'] ['부모님'] ['부모님'] ['부모님'] ['부모님'] ['부모님'] ['부모님'] ['부모님'] ['부모님'] ['부모님'] ['부모님'] ['선물'] ['선물'] ['선물'] ['선물'] ['선물'] ['선물'] ['선물'] ['선물'] ['선물'] ['선물'] ['선물'] ['선물'] ['선물'] ['선물'] ['선물'] ['선물'] ['선물'] ['선물'] ['선물'] ['선물'] ['선물'] ['선물'] ['선물'] ['선물'] ['선물'] ['선물'] ['선물'] ['선물'] ['선물'] ['선물'] ['선물'] ['선물'] ['선물'] ['선물'] ['선물'] ['선물'] ['선물'] ['선물'] ['선물'] ['선물'] ['선물'] ['선물'] ['선물'] ['선물'] ['선물'] ['선물'] ['선물'] ['선물'] ['선물'] ['선물'] ['선물'] ['선물'] ['선물'] ['선물'] ['선물'] ['선물'] ['선물'] ['선물'] ['선물'] ['선물'] ['선물'] ['선물'] ['선물'] ['선물'] ['선물'] ['선물'] ['선물'] ['선물'] ['선물'] ['선물'] ['선물'] ['선물'] ['선물'] ['선물'] ['선물'] ['선물'] ['선물'] ['선물'] ['선물'] ['선물'] ['선물'] ['선물'] ['선물'] ['선물'] ['선물'] ['선물'] ['선물'] ['선물'] ['친구', '선물'] ['친구', '선물'] ['친구', '선물'] ['친구', '선물'] ['친구', '선물'] ['친구', '선물'] ['친구', '선물'] ['친구', '선물'] ['친구', '선물'] ['친구', '선물'] ['친구', '선물'] ['친구', '선물'] ['친구', '선물'] ['친구', '선물'] ['친구', '선물'] ['친구', '선물'] ['친구', '선물'] ['친구', '선물'] ['친구', '선물'] ['친구', '선물'] ['친구', '선물'] ['친구', '선물'] ['친구', '선물'] ['친구', '선물'] ['친구', '선물'] ['친구', '선물'] ['친구', '선물'] ['친구', '선물'] ['친구', '선물'] ['친구', '선물'] ['친구', '선물'] ['친구', '선물'] ['친구', '선물'] ['친구', '선물'] ['친구', '선물'] ['친구', '선물'] ['친구', '선물'] ['친구', '선물'] ['친구', '선물'] ['친구', '선물'] ['친구', '선물'] ['친구', '선물'] ['친구', '선물'] ['친구', '선물'] ['친구', '선물'] ['친구', '선물'] ['친구'] ['친구'] ['친구'] ['친구'] ['친구'] ['친구'] ['친구'] ['친구'] ['친구'] ['친구'] ['친구'] ['친구'] ['친구'] ['친구'] ['친구'] ['친구'] ['친구'] ['친구'] ['친구'] ['친구'] ['친구'] ['친구'] ['친구'] ['파티'] ['파티'] ['파티'] ['파티'] ['파티'] ['파티'] ['파티'] ['파티'] ['파티'] ['파티'] ['파티'] ['파티'] ['파티'] ['파티'] ['파티'] ['파티'] ['파티'] ['파티'] ['파티'] ['파티'] ['파티'] ['파티'] ['파티'] ['커플', '기념일', '기념일', '기념일'] ['커플', '기념일', '기념일', '기념일'] ['커플', '기념일', '기념일', '기념일'] ['커플', '기념일', '기념일', '기념일'] ['가족', '커플'] ['가족', '커플'] ['가족', '커플'] ['가족', '커플'] ['커플'] ['커플'] ['커플'] ['커플'] ['커플'] ['커플'] ['커플']",명절 선물 기념일 안주 파티 가족 커플 친구 부모님
160,"['친구', '안주'] ['친구', '안주'] ['친구', '커플', '커플'] ['친구', '커플', '커플'] ['명절', '선물'] ['명절', '선물']",명절 선물 안주 커플 친구
164,"['명절', '선물'] ['명절', '선물'] ['명절', '선물'] ['기념일'] ['기념일'] ['기념일'] ['가족'] ['가족'] ['가족'] ['친구', '선물'] ['친구', '선물'] ['친구', '선물'] ['선물'] ['선물'] ['선물'] ['선물'] ['선물'] ['선물'] ['선물'] ['선물'] ['선물'] ['추천'] ['추천']",명절 선물 기념일 가족 추천 친구
169,"['가족', '친구', '선물'] ['가족', '친구', '선물'] ['가족', '친구', '선물'] ['친구', '선물'] ['친구', '선물'] ['친구', '선물'] ['추천'] ['추천'] ['추천']",선물 추천 친구 가족
173,"['복날', '선물'] ['친구', '커플']",복날 선물 친구 커플
175,"['부모님', '기념일', '파티', '반주', '선물'] ['선물'] ['선물'] ['선물'] ['추천'] ['추천'] ['추천'] ['추천'] ['친구'] ['친구'] ['명절'] ['친구', '선물'] ['반주'] ['친구', '추천'] ['추천', '추천']",기념일 선물 명절 반주 파티 추천 친구 부모님
176,"['부모님', '부모님'] ['부모님', '부모님'] ['부모님', '부모님'] ['명절'] ['명절'] ['명절'] ['부모님'] ['부모님'] ['부모님'] ['파티'] ['파티'] ['파티'] ['커플'] ['커플'] ['커플'] ['커플'] ['부모님', '선물'] ['부모님', '선물'] ['부모님', '선물'] ['부모님', '선물'] ['선물'] ['선물'] ['선물'] ['선물'] ['선물'] ['선물'] ['선물'] ['선물'] ['선물'] ['디저트'] ['안주', '안주'] ['친구'] ['친구'] ['반주'] ['안주'] ['안주'] ['친구', '파티'] ['친구', '커플', '커플', '선물'] ['친구', '선물']",명절 선물 안주 반주 파티 디저트 커플 친구 부모님
179,['선물'],선물
180,['선물'] ['선물'] ['선물'] ['선물'] ['행사'] ['추천'],선물 행사 추천
188,"['커플', '명절', '추천'] ['친구', '커플', '추천'] ['친구']",명절 친구 추천 커플
192,,
193,['선물'],선물
212,['부모님'],부모님
221,['커플'] ['커플'] ['커플'] ['파티'] ['친구'],친구 커플 파티
237,"['명절', '선물'] ['추천'] ['가족', '커플'] ['선물'] ['선물'] ['선물'] ['선물'] ['커플']",명절 선물 가족 추천 커플
249,"['부모님', '명절']",명절 부모님
255,"['선물'] ['선물'] ['선물'] ['선물'] ['선물'] ['선물'] ['선물'] ['선물'] ['선물'] ['선물'] ['선물'] ['선물'] ['선물'] ['선물'] ['선물'] ['선물'] ['선물'] ['선물'] ['선물'] ['선물'] ['선물'] ['선물'] ['선물'] ['선물'] ['선물'] ['선물'] ['선물'] ['선물'] ['선물'] ['선물'] ['선물'] ['선물'] ['선물'] ['선물'] ['선물'] ['선물'] ['선물'] ['선물'] ['선물'] ['선물'] ['선물'] ['선물'] ['선물'] ['선물'] ['선물'] ['선물'] ['선물'] ['선물'] ['선물'] ['선물'] ['선물'] ['선물'] ['선물'] ['선물'] ['선물'] ['선물'] ['선물'] ['선물'] ['선물'] ['선물'] ['선물'] ['선물'] ['선물'] ['캠핑'] ['캠핑'] ['캠핑'] ['캠핑'] ['캠핑'] ['캠핑'] ['캠핑'] ['추천'] ['추천'] ['추천'] ['추천'] ['추천'] ['추천'] ['추천'] ['친구', '선물'] ['친구', '선물'] ['친구', '선물'] ['친구', '선물'] ['친구', '선물'] ['친구', '선물'] ['친구', '선물'] ['친구', '선물'] ['친구', '선물'] ['친구', '선물'] ['친구', '선물'] ['친구', '선물'] ['친구', '선물'] ['친구', '선물'] ['친구', '선물'] ['친구', '선물'] ['친구', '선물'] ['친구', '선물'] ['친구', '선물'] ['친구', '선물'] ['가족', '부모님', '선물'] ['가족', '부모님', '선물'] ['가족', '부모님', '선물'] ['가족', '부모님', '선물'] ['가족', '부모님', '선물'] ['가족', '부모님', '선물'] ['가족', '부모님', '선물'] ['가족', '부모님', '선물'] ['가족', '부모님', '선물'] ['가족', '부모님', '선물'] ['가족', '부모님', '선물'] ['가족', '부모님', '선물'] ['가족', '부모님', '선물'] ['가족', '부모님', '선물'] ['친구', '파티'] ['친구', '파티'] ['친구', '파티'] ['친구', '파티'] ['친구', '파티'] ['친구', '파티'] ['친구', '파티'] ['친구', '파티'] ['친구', '파티'] ['친구', '파티'] ['친구', '파티'] ['친구', '파티'] ['친구', '파티'] ['친구', '파티'] ['친구'] ['친구'] ['친구'] ['친구'] ['친구'] ['친구'] ['친구'] ['친구'] ['친구'] ['친구'] ['친구'] ['친구'] ['친구'] ['친구', '파티', '선물'] ['친구', '파티', '선물'] ['친구', '파티', '선물'] ['친구', '파티', '선물'] ['친구', '파티', '선물'] ['친구', '파티', '선물'] ['친구', '파티', '선물'] ['친구', '파티', '선물'] ['친구', '파티', '선물'] ['친구', '파티', '선물'] ['친구', '파티', '선물'] ['친구', '파티', '선물'] ['친구', '파티', '선물']",선물 파티 가족 캠핑 추천 친구 부모님
260,"['명절'] ['명절'] ['명절'] ['명절'] ['친구', '커플', '추천'] ['친구', '커플', '추천'] ['친구', '커플', '추천'] ['친구', '커플', '추천'] ['커플'] ['커플'] ['커플'] ['가족', '선물']",명절 선물 가족 추천 커플 친구
270,"['안주'] ['안주'] ['안주'] ['안주'] ['안주'] ['안주'] ['안주'] ['추천'] ['추천'] ['추천'] ['추천'] ['추천'] ['추천'] ['추천'] ['추천'] ['선물'] ['선물'] ['선물'] ['선물'] ['선물'] ['선물'] ['선물'] ['커플', '추천'] ['친구', '반주'] ['친구', '선물'] ['추천', '안주'] ['가족', '선물'] ['커플']",선물 안주 반주 가족 추천 커플 친구
272,"['안주', '안주'] ['안주', '안주'] ['안주', '안주'] ['선물'] ['선물'] ['선물'] ['선물'] ['선물'] ['친구', '선물'] ['친구', '선물'] ['친구', '선물'] ['추천'] ['추천'] ['추천'] ['추천'] ['친구'] ['친구'] ['친구'] ['친구'] ['부모님'] ['부모님'] ['부모님'] ['가족', '부모님'] ['가족', '부모님'] ['가족', '부모님'] ['디저트'] ['안주']",선물 안주 가족 추천 디저트 친구 부모님
277,"['선물'] ['선물'] ['친구'] ['친구'] ['선물', '안주', '안주'] ['선물', '안주', '안주'] ['커플'] ['커플']",선물 안주 친구 커플
284,"['디저트'] ['선물'] ['선물'] ['선물'] ['친구', '선물'] ['추천'] ['추천'] ['안주'] ['안주'] ['크리스마스', '계절'] ['친구', '부모님'] ['가족', '커플', '캠핑', '선물']",선물 안주 계절 가족 캠핑 추천 디저트 크리스마스 커플 친구 부모님
295,,
300,,
306,"['친구', '안주'] ['친구', '안주'] ['친구', '안주'] ['친구', '안주'] ['친구', '선물'] ['친구', '선물'] ['친구', '선물'] ['친구', '선물'] ['친구', '선물'] ['친구', '선물'] ['친구', '선물'] ['친구', '선물'] ['선물'] ['선물'] ['선물'] ['선물'] ['선물']",선물 안주 친구
307,"['명절', '선물'] ['명절', '선물'] ['명절', '선물'] ['명절', '선물'] ['명절', '선물'] ['명절', '선물'] ['명절', '선물'] ['명절', '선물'] ['명절', '선물'] ['명절', '선물'] ['가족'] ['가족'] ['가족'] ['가족'] ['가족'] ['가족'] ['가족'] ['가족'] ['가족'] ['가족'] ['선물'] ['선물'] ['선물'] ['선물'] ['선물'] ['선물'] ['선물'] ['선물'] ['선물'] ['선물'] ['부모님'] ['캠핑'] ['추천'] ['친구', '친구', '선물']",명절 선물 가족 캠핑 추천 친구 부모님
308,"['선물'] ['선물'] ['선물'] ['선물'] ['선물'] ['선물'] ['선물'] ['선물'] ['선물'] ['선물'] ['선물'] ['선물'] ['선물'] ['선물'] ['선물'] ['선물'] ['선물'] ['선물'] ['선물'] ['선물'] ['선물'] ['선물'] ['선물'] ['선물'] ['선물'] ['선물'] ['선물'] ['친구', '선물'] ['친구', '선물'] ['친구', '선물'] ['친구', '선물'] ['친구', '선물'] ['친구', '선물'] ['친구', '선물'] ['친구', '선물'] ['친구', '선물'] ['친구', '선물'] ['친구', '선물'] ['친구', '선물'] ['친구', '선물'] ['친구', '선물'] ['친구', '선물'] ['친구', '선물'] ['친구', '선물'] ['친구', '선물'] ['친구', '선물'] ['친구', '선물'] ['친구', '선물'] ['친구', '선물'] ['친구', '선물'] ['친구', '선물'] ['친구', '선물'] ['친구', '선물'] ['친구', '선물'] ['친구', '선물'] ['안주'] ['안주'] ['안주'] ['친구', '커플'] ['친구', '명절', '파티', '선물'] ['친구', '명절', '선물'] ['명절', '명절', '선물', '안주'] ['명절', '선물'] ['파티'] ['친구', '파티', '선물'] ['명절', '명절'] ['부모님']",명절 선물 안주 파티 커플 친구 부모님
323,"['명절', '명절'] ['선물'] ['선물'] ['커플'] ['가족', '반주']",명절 선물 반주 가족 커플
334,"['명절'] ['명절'] ['명절'] ['명절'] ['명절'] ['명절'] ['명절'] ['명절'] ['명절'] ['명절'] ['명절'] ['명절'] ['친구', '선물'] ['친구', '선물'] ['친구', '선물'] ['친구', '선물'] ['친구', '선물'] ['친구', '선물'] ['친구', '선물'] ['친구', '선물'] ['친구', '선물'] ['친구', '선물'] ['친구', '선물'] ['선물'] ['선물'] ['선물'] ['선물'] ['선물'] ['선물'] ['선물'] ['선물'] ['선물'] ['선물'] ['선물']",명절 선물 친구
335,"['기념일'] ['기념일'] ['기념일'] ['친구', '선물'] ['친구', '선물'] ['친구', '선물'] ['가족'] ['가족'] ['가족'] ['명절'] ['친구'] ['선물'] ['선물'] ['파티'] ['안주']",기념일 선물 명절 안주 파티 가족 친구
340,"['명절', '선물', '디저트', '디저트', '디저트'] ['명절', '선물', '디저트', '디저트', '디저트'] ['명절', '선물', '디저트', '디저트', '디저트'] ['명절', '선물', '디저트', '디저트', '디저트'] ['명절', '선물', '디저트', '디저트', '디저트'] ['명절', '선물', '디저트', '디저트', '디저트'] ['명절', '선물', '디저트', '디저트', '디저트'] ['선물'] ['선물'] ['선물'] ['선물'] ['선물'] ['선물'] ['선물'] ['명절', '선물'] ['명절', '선물'] ['명절', '선물'] ['명절', '선물'] ['명절', '선물'] ['명절', '선물'] ['명절', '선물'] ['추천'] ['추천'] ['추천'] ['추천'] ['추천'] ['추천'] ['추천'] ['명절'] ['명절'] ['명절'] ['명절'] ['명절'] ['명절'] ['명절'] ['안주'] ['안주'] ['안주'] ['안주'] ['안주'] ['안주'] ['안주'] ['안주'] ['안주'] ['안주'] ['안주'] ['안주'] ['안주'] ['안주']",명절 선물 안주 추천 디저트
343,"['선물'] ['선물'] ['선물'] ['선물'] ['선물'] ['선물'] ['선물'] ['선물'] ['선물'] ['선물'] ['선물'] ['선물'] ['선물'] ['선물'] ['선물'] ['선물'] ['선물'] ['선물'] ['선물'] ['선물'] ['선물'] ['선물'] ['선물'] ['선물'] ['선물'] ['선물'] ['선물'] ['선물'] ['선물'] ['선물'] ['안주'] ['안주'] ['안주'] ['안주'] ['안주'] ['안주'] ['안주'] ['안주'] ['안주'] ['안주'] ['안주'] ['안주'] ['안주'] ['안주'] ['안주'] ['안주'] ['안주'] ['안주'] ['안주'] ['안주'] ['안주'] ['안주'] ['안주'] ['안주'] ['안주'] ['안주'] ['안주'] ['안주'] ['커플', '커플'] ['커플', '커플'] ['커플', '커플'] ['커플', '커플'] ['커플', '커플'] ['커플', '커플'] ['커플', '커플'] ['커플', '커플'] ['커플', '커플'] ['커플', '커플'] ['커플', '커플'] ['커플', '커플'] ['커플', '커플'] ['커플', '커플'] ['추천', '선물'] ['추천', '선물'] ['추천', '선물'] ['추천', '선물'] ['추천', '선물'] ['추천', '선물'] ['추천', '선물'] ['추천', '선물'] ['추천', '선물'] ['추천', '선물'] ['추천', '선물'] ['추천', '선물'] ['추천', '선물'] ['추천', '선물'] ['안주', '안주', '안주', '안주'] ['안주', '안주', '안주', '안주'] ['안주', '안주', '안주', '안주'] ['안주', '안주', '안주', '안주'] ['안주', '안주', '안주', '안주'] ['안주', '안주', '안주', '안주'] ['안주', '안주', '안주', '안주'] ['안주', '안주', '안주', '안주'] ['안주', '안주', '안주', '안주'] ['안주', '안주', '안주', '안주'] ['안주', '안주', '안주', '안주'] ['안주', '안주', '안주', '안주'] ['안주', '안주', '안주', '안주'] ['안주', '안주', '안주', '안주'] ['부모님'] ['친구']",선물 안주 추천 커플 친구 부모님
350,"['친구', '추천', '선물'] ['친구', '추천', '선물'] ['친구', '추천', '선물'] ['친구', '추천', '선물'] ['친구', '추천', '선물'] ['친구', '추천', '선물'] ['친구', '추천', '선물'] ['친구', '추천', '선물'] ['추천', '안주', '안주'] ['추천', '안주', '안주'] ['추천', '안주', '안주'] ['추천', '안주', '안주'] ['추천', '안주', '안주'] ['추천', '안주', '안주'] ['추천', '안주', '안주'] ['추천', '안주', '안주'] ['안주'] ['안주'] ['안주'] ['안주'] ['안주'] ['안주'] ['안주'] ['안주']",추천 선물 안주 친구
352,['선물'] ['복날'] ['안주'],복날 선물 안주
353,"['디저트', '안주', '안주'] ['디저트', '안주', '안주'] ['디저트', '안주', '안주'] ['디저트', '안주', '안주'] ['디저트', '안주', '안주'] ['디저트', '안주', '안주'] ['디저트', '안주', '안주'] ['디저트', '안주', '안주'] ['선물'] ['선물'] ['선물'] ['선물'] ['선물'] ['선물'] ['선물'] ['선물'] ['선물'] ['선물'] ['선물'] ['선물'] ['선물'] ['선물'] ['디저트'] ['디저트'] ['디저트'] ['디저트'] ['디저트'] ['디저트'] ['디저트'] ['디저트'] ['기념일'] ['기념일'] ['기념일'] ['기념일'] ['기념일'] ['기념일'] ['기념일'] ['추천', '디저트']",기념일 선물 안주 디저트 추천
355,"['가족', '커플', '선물'] ['선물'] ['선물'] ['친구', '명절', '선물'] ['친구']",명절 선물 가족 커플 친구
362,,
368,"['선물'] ['선물'] ['선물'] ['선물'] ['선물'] ['선물'] ['선물'] ['선물'] ['선물'] ['선물'] ['선물'] ['선물'] ['선물'] ['친구'] ['친구'] ['친구'] ['친구'] ['친구'] ['친구'] ['친구'] ['친구'] ['친구'] ['친구'] ['친구'] ['친구'] ['친구', '추천', '선물'] ['친구', '추천', '선물'] ['친구', '추천', '선물'] ['친구', '추천', '선물'] ['친구', '추천', '선물'] ['친구', '추천', '선물'] ['친구', '추천', '선물'] ['친구', '추천', '선물'] ['친구', '추천', '선물'] ['친구', '추천', '선물'] ['친구', '추천', '선물'] ['친구', '추천', '선물'] ['커플', '추천'] ['커플', '추천'] ['커플', '추천'] ['커플', '추천'] ['커플', '추천'] ['커플', '추천'] ['커플', '추천'] ['커플', '추천'] ['커플', '추천'] ['커플', '추천'] ['커플', '추천'] ['커플', '추천'] ['가족', '추천', '선물'] ['가족', '추천', '선물'] ['가족', '추천', '선물'] ['가족', '추천', '선물'] ['가족', '추천', '선물'] ['가족', '추천', '선물'] ['가족', '추천', '선물'] ['가족', '추천', '선물'] ['가족', '추천', '선물'] ['가족', '추천', '선물'] ['가족', '추천', '선물'] ['가족', '추천', '선물'] ['가족', '추천', '선물'] ['가족', '추천', '선물'] ['가족', '추천', '선물'] ['가족', '추천', '선물'] ['가족', '추천', '선물'] ['가족', '추천', '선물'] ['가족', '추천', '선물'] ['가족', '추천', '선물'] ['가족', '추천', '선물'] ['가족', '추천', '선물'] ['가족', '추천', '선물'] ['가족', '추천', '선물'] ['가족', '추천', '선물'] ['가족', '추천', '선물'] ['가족', '추천', '선물'] ['가족', '추천', '선물'] ['가족', '추천', '선물'] ['가족', '추천', '선물'] ['가족', '추천', '선물'] ['가족', '추천', '선물'] ['가족', '추천', '선물'] ['명절', '명절'] ['명절', '명절'] ['명절', '명절'] ['명절', '명절'] ['명절', '명절'] ['명절', '명절'] ['명절', '명절'] ['명절', '명절'] ['명절', '명절'] ['명절', '명절'] ['명절', '명절'] ['명절', '명절'] ['명절', '명절'] ['명절', '명절'] ['명절', '명절'] ['명절', '명절'] ['명절', '명절'] ['명절', '명절'] ['명절', '명절'] ['명절', '명절'] ['명절', '명절'] ['명절', '명절'] ['명절', '명절'] ['명절', '명절'] ['명절', '명절'] ['명절', '명절'] ['명절', '명절'] ['명절', '명절'] ['명절', '명절'] ['명절', '명절'] ['명절', '명절'] ['명절', '명절'] ['명절', '명절'] ['친구', '커플'] ['친구', '커플'] ['친구', '커플'] ['친구', '커플'] ['친구', '커플'] ['친구', '커플'] ['친구', '커플'] ['친구', '커플'] ['친구', '커플'] ['친구', '커플'] ['친구', '커플'] ['친구', '커플'] ['친구', '커플'] ['친구', '커플'] ['친구', '커플'] ['친구', '커플'] ['친구', '커플'] ['친구', '커플'] ['친구', '커플'] ['친구', '커플'] ['친구', '커플'] ['친구', '커플'] ['친구', '커플'] ['친구', '커플'] ['친구', '커플'] ['친구', '커플'] ['친구', '커플'] ['친구', '커플'] ['친구', '커플'] ['친구', '커플'] ['친구', '커플'] ['친구', '커플'] ['친구', '커플'] ['친구', '선물'] ['친구', '선물'] ['친구', '선물'] ['친구', '선물'] ['친구', '선물'] ['친구', '선물'] ['친구', '선물'] ['친구', '선물'] ['친구', '선물'] ['친구', '선물'] ['친구', '선물'] ['친구', '선물'] ['친구', '선물'] ['친구', '선물'] ['친구', '선물'] ['친구', '선물'] ['친구', '선물'] ['친구', '선물'] ['친구', '선물'] ['친구', '선물'] ['친구', '선물'] ['친구', '선물'] ['친구', '선물'] ['친구', '선물'] ['친구', '선물'] ['친구', '선물'] ['친구', '선물'] ['친구', '선물'] ['친구', '선물'] ['친구', '선물'] ['친구', '선물'] ['친구', '선물'] ['친구', '선물'] ['추천'] ['추천'] ['추천'] ['추천'] ['추천'] ['추천'] ['추천'] ['추천'] ['추천'] ['추천'] ['추천'] ['추천'] ['추천'] ['추천'] ['추천'] ['추천'] ['추천'] ['추천'] ['추천'] ['추천'] ['추천'] ['추천'] ['추천'] ['추천'] ['추천'] ['추천'] ['추천'] ['추천'] ['추천'] ['추천'] ['추천'] ['추천'] ['추천']",명절 선물 가족 추천 커플 친구
369,"['선물'] ['선물'] ['선물'] ['선물'] ['선물'] ['선물'] ['선물'] ['선물'] ['선물'] ['선물'] ['선물'] ['선물'] ['선물'] ['선물'] ['선물'] ['선물'] ['선물'] ['선물'] ['선물'] ['선물'] ['선물'] ['선물'] ['선물'] ['선물'] ['선물'] ['선물'] ['선물'] ['선물'] ['선물'] ['선물'] ['선물'] ['선물'] ['선물'] ['선물'] ['선물'] ['선물'] ['선물'] ['선물'] ['선물'] ['선물'] ['선물'] ['선물'] ['선물'] ['선물'] ['선물'] ['선물'] ['선물'] ['선물'] ['선물'] ['선물'] ['선물'] ['선물'] ['선물'] ['선물'] ['선물'] ['선물'] ['선물'] ['선물'] ['선물'] ['선물'] ['선물'] ['선물'] ['선물'] ['선물'] ['선물'] ['선물'] ['선물'] ['선물'] ['선물'] ['선물'] ['선물'] ['선물'] ['선물'] ['선물'] ['선물'] ['선물'] ['선물'] ['선물'] ['선물'] ['선물'] ['선물'] ['선물'] ['선물'] ['선물'] ['선물'] ['선물'] ['선물'] ['선물'] ['선물'] ['선물'] ['선물'] ['선물'] ['선물'] ['선물'] ['선물'] ['선물'] ['선물'] ['선물'] ['선물'] ['선물'] ['선물'] ['선물'] ['선물'] ['선물'] ['선물'] ['선물'] ['선물'] ['선물'] ['선물'] ['선물'] ['선물'] ['선물'] ['선물'] ['선물'] ['선물'] ['선물'] ['선물'] ['선물'] ['선물'] ['선물'] ['선물'] ['선물'] ['선물'] ['선물'] ['선물'] ['선물'] ['선물'] ['선물'] ['선물'] ['선물'] ['선물'] ['선물'] ['선물'] ['선물'] ['선물'] ['선물'] ['선물'] ['선물'] ['선물'] ['선물'] ['선물'] ['선물'] ['선물'] ['선물'] ['선물'] ['선물'] ['선물'] ['선물'] ['선물'] ['선물'] ['선물'] ['선물'] ['선물'] ['선물'] ['선물'] ['선물'] ['선물'] ['선물'] ['선물'] ['선물'] ['선물'] ['선물'] ['선물'] ['선물'] ['선물'] ['선물'] ['선물'] ['선물'] ['선물'] ['선물'] ['선물'] ['선물'] ['선물'] ['선물'] ['선물'] ['선물'] ['선물'] ['선물'] ['선물'] ['선물'] ['선물'] ['선물'] ['선물'] ['선물'] ['선물'] ['선물'] ['선물'] ['선물'] ['선물'] ['선물'] ['선물'] ['선물'] ['선물'] ['선물'] ['선물'] ['선물'] ['선물'] ['선물'] ['선물'] ['선물'] ['선물'] ['선물'] ['선물'] ['선물'] ['선물'] ['선물'] ['선물'] ['선물'] ['선물'] ['선물'] ['선물'] ['선물'] ['선물'] ['선물'] ['가족', '친구', '추천', '선물'] ['가족', '친구', '추천', '선물'] ['가족', '친구', '추천', '선물'] ['가족', '친구', '추천', '선물'] ['가족', '친구', '추천', '선물'] ['가족', '친구', '추천', '선물'] ['가족', '친구', '추천', '선물'] ['명절', '선물'] ['명절', '선물'] ['명절', '선물'] ['명절', '선물'] ['명절', '선물'] ['명절', '선물'] ['명절', '선물'] ['명절', '선물'] ['명절', '선물'] ['명절', '선물'] ['명절', '선물'] ['명절', '선물'] ['명절', '선물'] ['명절', '선물'] ['명절', '선물'] ['명절', '선물'] ['명절', '선물'] ['명절', '선물'] ['명절', '선물'] ['명절', '선물'] ['명절', '선물'] ['명절', '선물'] ['명절', '선물'] ['명절', '선물'] ['명절', '선물'] ['명절', '선물'] ['명절', '선물'] ['명절', '선물'] ['명절', '선물'] ['명절', '선물'] ['명절', '선물'] ['명절', '선물'] ['명절', '선물'] ['명절', '선물'] ['명절', '선물'] ['명절', '선물'] ['명절', '선물'] ['명절', '선물'] ['명절', '선물'] ['명절', '선물'] ['명절', '선물'] ['명절', '선물'] ['명절', '선물'] ['명절', '선물'] ['명절', '선물'] ['명절', '선물'] ['명절', '선물'] ['명절', '선물'] ['명절', '선물'] ['명절', '선물'] ['명절', '선물'] ['명절', '선물'] ['명절', '선물'] ['명절', '선물'] ['명절', '선물'] ['명절', '선물'] ['명절', '선물'] ['명절', '선물'] ['명절', '선물'] ['명절', '선물'] ['명절', '선물'] ['명절', '선물'] ['명절', '선물'] ['명절', '선물'] ['명절', '선물'] ['명절', '선물'] ['명절', '선물'] ['커플'] ['커플'] ['커플'] ['커플'] ['커플'] ['가족', '명절', '선물'] ['가족', '명절', '선물'] ['가족', '명절', '선물'] ['가족', '명절', '선물'] ['가족', '명절', '선물'] ['가족', '명절', '선물'] ['가족', '명절', '선물'] ['가족', '명절', '선물'] ['가족', '명절', '선물'] ['부모님', '선물'] ['부모님', '선물'] ['부모님', '선물'] ['부모님', '선물'] ['부모님', '선물'] ['부모님', '선물'] ['가족'] ['가족'] ['가족'] ['가족'] ['가족'] ['가족'] ['부모님', '추천'] ['부모님', '추천'] ['부모님', '추천'] ['부모님', '추천'] ['부모님', '추천'] ['부모님', '복날', '선물'] ['부모님', '복날', '선물'] ['부모님', '복날', '선물'] ['부모님', '복날', '선물'] ['부모님', '복날', '선물'] ['부모님', '복날', '선물'] ['부모님', '복날', '선물'] ['친구', '선물'] ['친구', '선물'] ['친구', '선물'] ['친구', '선물'] ['친구', '선물'] ['친구', '선물'] ['친구', '선물'] ['친구', '선물'] ['추천'] ['추천'] ['추천'] ['추천'] ['추천'] ['추천'] ['추천'] ['추천'] ['추천'] ['추천'] ['부모님', '파티'] ['부모님', '파티'] ['행사'] ['행사'] ['행사', '선물'] ['행사', '선물'] ['행사', '선물'] ['행사', '선물'] ['행사', '선물'] ['행사', '선물'] ['추천', '선물'] ['추천', '선물'] ['부모님'] ['부모님'] ['부모님'] ['부모님'] ['부모님', '명절', '선물', '안주'] ['부모님', '명절', '선물', '안주'] ['명절', '명절'] ['명절', '명절'] ['명절', '명절'] ['명절', '명절'] ['명절', '추천'] ['명절', '안주']",명절 선물 복날 안주 파티 행사 가족 추천 커플 친구 부모님
370,['선물'],선물
380,"['기념일'] ['기념일'] ['기념일'] ['기념일'] ['기념일'] ['기념일'] ['추천', '선물'] ['추천'] ['반주']",기념일 선물 반주 추천
390,"['혼술', '추천'] ['안주']",안주 추천 혼술
391,"['추천'] ['기념일'] ['부모님'] ['커플'] ['부모님', '선물']",기념일 선물 추천 커플 부모님
392,"['선물'] ['선물'] ['선물'] ['선물'] ['파티', '선물']",선물 파티
396,"['반주'] ['반주'] ['반주'] ['반주'] ['친구', '선물'] ['친구', '선물'] ['친구', '선물'] ['친구', '선물'] ['선물'] ['선물'] ['선물'] ['선물'] ['추천'] ['추천'] ['추천'] ['추천'] ['계절'] ['계절'] ['계절'] ['계절'] ['안주'] ['안주'] ['안주'] ['안주']",선물 반주 안주 계절 추천 친구
397,"['디저트'] ['디저트'] ['가족', '선물'] ['가족', '선물'] ['커플'] ['커플'] ['선물'] ['선물'] ['부모님', '선물'] ['부모님', '선물']",선물 가족 디저트 커플 부모님
398,"['계절', '안주'] ['계절', '안주'] ['계절', '안주'] ['안주'] ['안주'] ['안주'] ['선물'] ['선물'] ['반주', '안주'] ['반주', '안주'] ['커플'] ['커플']",선물 안주 반주 계절 커플
401,"['커플'] ['커플'] ['커플'] ['커플'] ['커플'] ['커플'] ['커플'] ['커플'] ['커플'] ['커플'] ['커플'] ['커플'] ['커플'] ['커플'] ['커플'] ['커플'] ['커플'] ['커플'] ['커플'] ['커플'] ['선물'] ['선물'] ['선물'] ['선물'] ['선물'] ['선물'] ['선물'] ['선물'] ['선물'] ['선물'] ['선물'] ['선물'] ['선물'] ['선물'] ['선물'] ['선물'] ['선물'] ['선물'] ['선물'] ['선물'] ['선물'] ['선물'] ['선물'] ['선물'] ['선물'] ['선물'] ['선물'] ['선물'] ['선물'] ['선물'] ['친구', '선물'] ['친구', '선물'] ['친구', '선물'] ['친구', '선물'] ['친구', '선물'] ['친구', '선물'] ['친구', '선물'] ['친구', '선물'] ['친구', '선물'] ['친구', '선물'] ['친구', '선물'] ['친구', '선물'] ['친구', '선물'] ['친구', '선물'] ['친구', '선물'] ['친구', '선물'] ['친구', '선물'] ['친구', '선물'] ['친구', '선물'] ['디저트'] ['디저트'] ['디저트'] ['디저트'] ['디저트'] ['디저트'] ['디저트'] ['디저트'] ['디저트'] ['디저트']",선물 디저트 친구 커플
415,"['친구', '추천']",추천 친구
416,"['선물'] ['선물'] ['선물'] ['선물'] ['선물'] ['선물'] ['선물'] ['선물'] ['선물'] ['안주'] ['친구'] ['친구', '선물'] ['친구', '커플', '커플']",선물 안주 친구 커플
417,['선물'] ['선물'] ['선물'] ['선물'] ['부모님'],선물 부모님
418,"['선물'] ['선물'] ['선물'] ['선물'] ['선물'] ['선물'] ['친구', '파티'] ['친구', '파티']",선물 친구 파티
419,"['명절', '선물']",명절 선물
437,"['부모님', '선물'] ['안주'] ['부모님'] ['가족', '가족'] ['친구', '선물'] ['디저트'] ['친구'] ['추천']",선물 안주 가족 디저트 추천 친구 부모님
447,['선물'] ['선물'] ['명절'],명절 선물
450,"['파티'] ['명절', '명절'] ['추천'] ['친구', '선물'] ['친구', '선물'] ['선물'] ['안주'] ['안주'] ['안주'] ['안주'] ['안주'] ['안주'] ['안주'] ['안주'] ['안주'] ['계절', '안주'] ['계절', '안주'] ['계절', '안주'] ['계절', '안주'] ['계절', '안주'] ['캠핑'] ['캠핑'] ['캠핑'] ['캠핑'] ['캠핑'] ['캠핑'] ['디저트']",명절 선물 안주 파티 계절 캠핑 추천 디저트 친구
452,"['부모님'] ['부모님'] ['부모님'] ['부모님'] ['부모님'] ['부모님'] ['선물'] ['선물'] ['선물'] ['선물'] ['선물'] ['선물'] ['선물'] ['선물'] ['선물'] ['선물'] ['선물'] ['선물'] ['선물'] ['선물'] ['선물'] ['선물'] ['선물'] ['선물'] ['선물'] ['선물'] ['선물'] ['선물'] ['선물'] ['선물'] ['선물'] ['선물'] ['선물'] ['기념일', '파티', '선물'] ['기념일', '파티', '선물'] ['기념일', '파티', '선물'] ['기념일', '파티', '선물'] ['기념일', '파티', '선물'] ['크리스마스', '선물'] ['크리스마스', '선물'] ['크리스마스', '선물'] ['크리스마스', '선물'] ['크리스마스', '선물'] ['명절', '선물'] ['명절', '선물'] ['명절', '선물'] ['명절', '선물'] ['명절', '선물'] ['친구', '선물'] ['친구', '선물'] ['디저트'] ['디저트'] ['디저트'] ['기념일', '크리스마스']",기념일 선물 명절 파티 디저트 크리스마스 친구 부모님
453,"['부모님'] ['부모님'] ['부모님'] ['부모님'] ['부모님'] ['행사', '선물'] ['행사', '선물'] ['선물'] ['선물'] ['선물'] ['선물'] ['선물'] ['선물'] ['선물'] ['선물'] ['선물'] ['선물'] ['선물'] ['명절', '명절', '선물'] ['명절', '명절', '선물'] ['친구', '선물'] ['안주'] ['기념일']",명절 선물 기념일 안주 행사 친구 부모님
466,['선물'] ['선물'] ['선물'] ['선물'] ['선물'] ['선물'] ['선물'] ['선물'] ['선물'],선물
479,,
480,['추천'],추천
492,"['선물'] ['선물'] ['선물'] ['선물'] ['선물'] ['선물'] ['선물'] ['선물'] ['선물'] ['선물'] ['선물'] ['선물'] ['선물'] ['선물'] ['선물'] ['선물'] ['선물'] ['선물'] ['선물'] ['선물'] ['가족', '명절', '선물'] ['친구', '친구', '커플', '선물'] ['가족', '가족', '부모님', '명절'] ['부모님', '선물'] ['부모님', '선물'] ['가족', '부모님'] ['부모님', '부모님', '명절', '선물'] ['친구'] ['안주'] ['안주'] ['안주'] ['안주'] ['명절', '명절'] ['명절', '명절'] ['명절', '명절'] ['명절'] ['명절'] ['명절'] ['명절'] ['명절'] ['명절'] ['명절'] ['명절'] ['명절'] ['커플'] ['커플'] ['커플'] ['친구', '커플'] ['친구', '커플'] ['친구', '커플'] ['친구', '커플'] ['친구', '커플'] ['친구', '커플'] ['친구', '커플'] ['추천'] ['추천'] ['추천'] ['추천'] ['추천'] ['추천']",명절 선물 안주 가족 추천 커플 친구 부모님
495,"['가족'] ['가족'] ['선물'] ['선물'] ['선물'] ['선물'] ['선물'] ['선물'] ['친구', '선물'] ['반주'] ['반주'] ['반주'] ['반주'] ['반주'] ['친구'] ['친구'] ['친구'] ['친구'] ['캠핑', '추천'] ['캠핑', '추천'] ['캠핑', '추천'] ['캠핑', '추천']",선물 반주 가족 캠핑 추천 친구
500,"['친구', '선물'] ['친구', '선물'] ['안주']",선물 안주 친구
502,"['파티'] ['파티'] ['파티'] ['파티'] ['파티'] ['파티'] ['파티'] ['파티'] ['파티'] ['파티'] ['파티'] ['파티'] ['파티'] ['파티'] ['파티'] ['파티'] ['파티'] ['파티'] ['복날'] ['복날'] ['복날'] ['복날'] ['복날'] ['복날'] ['복날'] ['복날'] ['복날'] ['부모님'] ['부모님'] ['부모님'] ['부모님'] ['부모님'] ['부모님'] ['부모님'] ['부모님'] ['부모님'] ['선물'] ['선물'] ['선물'] ['선물'] ['선물'] ['선물'] ['선물'] ['선물'] ['선물'] ['추천', '추천'] ['추천', '추천'] ['추천', '추천'] ['추천', '추천'] ['추천', '추천'] ['추천', '추천'] ['추천', '추천'] ['추천', '추천']",복날 선물 파티 추천 부모님
503,"['선물'] ['선물'] ['선물'] ['선물'] ['선물'] ['선물'] ['선물'] ['기념일'] ['기념일'] ['기념일'] ['기념일'] ['기념일'] ['기념일'] ['기념일'] ['명절'] ['명절'] ['명절'] ['명절'] ['명절'] ['명절'] ['명절'] ['명절'] ['명절'] ['명절'] ['명절'] ['명절'] ['명절'] ['명절'] ['부모님', '복날'] ['부모님', '복날'] ['부모님', '복날'] ['부모님', '복날'] ['부모님', '복날'] ['부모님', '복날'] ['부모님', '복날'] ['부모님'] ['부모님'] ['부모님'] ['부모님'] ['부모님'] ['부모님'] ['부모님']",기념일 선물 명절 복날 부모님
510,"['기념일', '선물'] ['기념일', '선물'] ['선물'] ['선물'] ['선물'] ['선물'] ['행사'] ['친구', '선물'] ['친구', '커플', '선물'] ['커플', '커플', '기념일', '선물'] ['친구', '커플', '추천', '선물']",기념일 선물 행사 추천 커플 친구
511,"['선물'] ['선물'] ['파티', '선물'] ['친구', '선물'] ['디저트'] ['파티', '파티']",선물 디저트 친구 파티
515,['디저트'],디저트
518,"['안주'] ['안주'] ['안주'] ['안주'] ['안주'] ['안주'] ['안주'] ['안주'] ['안주'] ['안주'] ['안주'] ['안주'] ['안주'] ['안주'] ['안주'] ['안주'] ['안주'] ['안주'] ['안주'] ['안주'] ['안주'] ['안주'] ['안주'] ['안주'] ['안주'] ['안주'] ['안주'] ['안주'] ['안주'] ['안주'] ['안주'] ['안주'] ['추천'] ['추천'] ['추천'] ['추천'] ['추천'] ['추천'] ['추천'] ['추천'] ['추천'] ['추천'] ['추천'] ['추천'] ['추천'] ['추천'] ['추천'] ['추천'] ['추천'] ['추천'] ['추천'] ['추천'] ['추천'] ['추천'] ['추천'] ['추천'] ['추천'] ['추천'] ['추천'] ['추천'] ['추천'] ['추천'] ['추천'] ['추천'] ['추천'] ['추천'] ['추천'] ['추천'] ['추천'] ['추천'] ['추천'] ['추천'] ['추천'] ['추천'] ['추천'] ['추천'] ['추천'] ['추천'] ['추천'] ['추천'] ['추천'] ['추천'] ['추천'] ['추천'] ['추천'] ['추천'] ['추천'] ['추천'] ['추천'] ['추천'] ['추천'] ['추천'] ['추천'] ['친구', '선물'] ['친구', '선물'] ['친구', '선물'] ['친구', '선물'] ['친구', '선물'] ['친구', '선물'] ['친구', '선물'] ['친구', '선물'] ['친구', '선물'] ['친구', '선물'] ['친구', '선물'] ['친구', '선물'] ['친구', '선물'] ['친구', '선물'] ['친구', '선물'] ['친구', '선물'] ['친구', '선물'] ['친구', '선물'] ['친구', '선물'] ['친구', '선물'] ['친구', '선물'] ['친구', '선물'] ['친구', '선물'] ['친구', '선물'] ['친구', '선물'] ['친구', '선물'] ['친구', '선물'] ['친구', '선물'] ['친구', '선물'] ['친구', '선물'] ['명절', '명절'] ['명절', '명절'] ['명절', '명절'] ['명절', '명절'] ['명절', '명절'] ['명절', '명절'] ['명절', '명절'] ['명절', '명절'] ['명절', '명절'] ['명절', '명절'] ['명절', '명절'] ['명절', '명절'] ['명절', '명절'] ['명절', '명절'] ['명절', '명절'] ['명절', '명절'] ['명절', '명절'] ['명절', '명절'] ['명절', '명절'] ['명절', '명절'] ['명절', '명절'] ['명절', '명절'] ['명절', '명절'] ['명절', '명절'] ['명절', '명절'] ['명절', '명절'] ['명절', '명절'] ['명절', '명절'] ['명절', '명절'] ['명절', '명절'] ['선물'] ['선물'] ['선물'] ['선물'] ['선물'] ['선물'] ['선물'] ['커플'] ['커플'] ['커플', '선물'] ['캠핑'] ['디저트'] ['디저트'] ['혼술'] ['혼술'] ['기념일', '선물'] ['추천', '안주', '안주'] ['디저트', '안주']",명절 선물 기념일 안주 캠핑 추천 커플 디저트 친구 혼술
520,"['부모님'] ['부모님'] ['부모님'] ['부모님'] ['선물'] ['선물'] ['선물'] ['선물'] ['선물'] ['선물'] ['부모님', '디저트'] ['가족', '부모님'] ['안주'] ['추천', '안주'] ['가족', '안주', '안주'] ['가족', '명절'] ['추천'] ['복날', '안주'] ['명절', '추천', '선물'] ['가족', '반주', '선물'] ['부모님', '행사'] ['계절'] ['커플'] ['혼술', '선물'] ['부모님', '선물']",명절 선물 복날 안주 반주 계절 행사 가족 디저트 추천 커플 부모님 혼술
522,,
523,"['선물'] ['선물'] ['선물'] ['선물'] ['선물'] ['선물'] ['선물'] ['선물'] ['선물'] ['선물'] ['선물'] ['선물'] ['선물'] ['선물'] ['선물'] ['선물'] ['선물'] ['선물'] ['선물'] ['선물'] ['선물'] ['선물'] ['선물'] ['선물'] ['선물'] ['선물'] ['선물'] ['선물'] ['선물'] ['선물'] ['선물'] ['선물'] ['선물'] ['선물'] ['선물'] ['선물'] ['선물'] ['선물'] ['친구', '선물'] ['친구', '선물'] ['친구', '선물'] ['친구', '선물'] ['친구', '선물'] ['친구', '선물'] ['친구', '선물'] ['친구', '선물'] ['친구', '선물'] ['친구', '선물'] ['친구', '선물'] ['친구', '선물'] ['친구', '선물'] ['친구', '선물'] ['친구', '선물'] ['친구', '선물'] ['친구', '선물'] ['친구', '선물'] ['친구', '선물']",선물 친구
525,"['선물'] ['친구', '파티', '선물'] ['친구', '파티', '선물'] ['친구', '파티', '선물'] ['친구', '파티', '선물'] ['친구', '파티', '선물'] ['친구', '파티', '선물']",선물 친구 파티
526,"['선물'] ['선물'] ['선물'] ['선물'] ['선물'] ['커플'] ['커플'] ['커플'] ['커플'] ['커플'] ['친구', '선물'] ['친구', '선물'] ['친구', '선물'] ['친구', '선물'] ['친구', '선물'] ['명절', '선물'] ['명절', '선물'] ['명절', '선물'] ['명절', '선물'] ['명절', '선물']",명절 선물 친구 커플
9,['혼술'] ['혼술'],혼술
16,['선물'] ['추천'],선물 추천
38,"['부모님'] ['친구'] ['친구'] ['커플'] ['추천'] ['디저트'] ['디저트'] ['디저트'] ['선물'] ['크리스마스', '선물'] ['크리스마스', '크리스마스', '선물'] ['파티', '디저트']",선물 파티 추천 디저트 커플 크리스마스 친구 부모님
40,['파티'] ['선물'] ['선물'],선물 파티
41,"['부모님', '선물'] ['선물'] ['선물']",선물 부모님
46,"['디저트', '디저트', '안주'] ['친구', '부모님', '선물'] ['친구', '친구', '파티']",선물 안주 파티 디저트 친구 부모님
47,['명절'] ['추천'] ['선물'] ['혼술'] ['반주'],명절 선물 반주 추천 혼술
61,"['추천', '디저트'] ['친구', '파티', '선물'] ['친구', '선물'] ['친구', '커플', '기념일', '파티', '선물'] ['선물'] ['친구', '커플', '추천']",기념일 선물 파티 디저트 추천 커플 친구
75,,
99,"['커플', '혼술'] ['친구', '선물'] ['친구', '선물'] ['친구', '선물'] ['친구', '선물'] ['친구', '선물'] ['친구', '선물'] ['명절'] ['명절'] ['선물'] ['선물'] ['선물'] ['선물'] ['선물'] ['선물'] ['선물'] ['선물'] ['선물'] ['추천'] ['추천'] ['추천'] ['추천'] ['추천'] ['추천'] ['추천'] ['추천'] ['추천'] ['추천'] ['추천'] ['친구'] ['친구'] ['친구'] ['친구'] ['친구'] ['친구'] ['친구'] ['친구'] ['친구'] ['디저트'] ['디저트'] ['디저트'] ['디저트'] ['디저트'] ['디저트'] ['디저트'] ['파티'] ['가족', '선물'] ['혼술'] ['혼술'] ['친구', '커플', '커플', '추천', '선물'] ['커플'] ['커플'] ['커플'] ['혼술', '추천', '추천'] ['부모님'] ['부모님'] ['친구', '파티', '선물'] ['안주'] ['안주', '안주'] ['친구', '혼술', '추천'] ['부모님', '부모님', '커플'] ['추천', '선물'] ['친구', '추천'] ['추천', '안주'] ['디저트', '디저트'] ['커플', '커플'] ['크리스마스']",명절 선물 안주 파티 가족 부모님 추천 커플 디저트 크리스마스 친구 혼술
113,"['선물'] ['선물'] ['추천', '선물'] ['안주', '안주'] ['명절', '선물']",명절 선물 안주 추천
115,"['추천', '안주', '안주'] ['안주', '안주'] ['안주', '안주'] ['안주', '안주']",안주 추천
126,,
136,"['가족', '친구', '커플', '명절', '선물', '안주', '안주', '안주']",명절 선물 안주 가족 커플 친구
138,['친구'],친구
139,['안주'],안주
142,,
143,"['안주', '안주', '안주'] ['선물'] ['안주', '안주']",선물 안주
147,['안주'],안주
153,"['부모님', '선물'] ['추천'] ['추천'] ['추천'] ['선물'] ['선물'] ['선물'] ['선물'] ['친구', '파티', '선물'] ['커플'] ['커플'] ['커플'] ['안주'] ['친구', '선물'] ['반주', '안주'] ['파티', '선물'] ['가족', '부모님'] ['혼술'] ['가족', '선물'] ['추천', '선물', '안주', '안주', '안주']",선물 안주 반주 파티 가족 추천 커플 친구 부모님 혼술
162,,
170,,
171,['선물'] ['선물'] ['디저트'] ['추천'],선물 추천 디저트
172,"['커플'] ['선물'] ['선물'] ['선물'] ['선물'] ['선물'] ['선물'] ['선물'] ['안주'] ['추천'] ['추천'] ['혼술', '추천'] ['가족'] ['명절'] ['디저트'] ['디저트'] ['친구', '파티'] ['혼술'] ['파티']",명절 선물 안주 파티 가족 추천 커플 디저트 친구 혼술
177,"['추천', '디저트', '안주']",디저트 안주 추천
178,['친구'],친구
187,,
194,"['안주', '안주'] ['안주'] ['친구', '추천'] ['디저트']",추천 디저트 안주 친구
195,,
196,"['추천'] ['디저트'] ['파티'] ['부모님', '행사'] ['가족', '부모님', '선물'] ['혼술']",선물 파티 행사 가족 디저트 추천 부모님 혼술
208,['추천'],추천
211,['선물'] ['반주'],선물 반주
215,"['부모님'] ['선물'] ['선물'] ['선물'] ['명절', '선물'] ['친구'] ['커플'] ['파티', '선물'] ['반주'] ['반주'] ['친구', '명절'] ['커플', '커플', '추천', '안주'] ['친구', '파티', '추천', '선물'] ['친구', '선물'] ['커플', '기념일'] ['추천'] ['추천'] ['추천'] ['커플', '파티'] ['친구', '파티']",명절 선물 기념일 반주 안주 파티 추천 커플 친구 부모님
216,,
220,['추천'],추천
223,"['커플'] ['선물'] ['선물'] ['선물'] ['선물'] ['선물'] ['선물'] ['친구', '디저트', '디저트', '디저트'] ['안주'] ['친구', '선물'] ['친구', '선물'] ['친구', '추천'] ['가족', '안주']",선물 안주 가족 디저트 커플 추천 친구
231,"['선물'] ['선물'] ['선물'] ['선물'] ['선물'] ['친구', '선물'] ['친구', '크리스마스'] ['추천'] ['커플', '디저트'] ['친구'] ['커플']",선물 추천 크리스마스 커플 디저트 친구
232,['안주'] ['안주'] ['추천'] ['반주'],안주 추천 반주
233,"['선물'] ['안주'] ['친구', '커플', '커플'] ['추천'] ['추천'] ['추천'] ['혼술'] ['안주', '안주'] ['안주', '안주', '안주'] ['디저트', '안주', '안주']",선물 안주 추천 커플 디저트 친구 혼술
234,,
240,"['선물'] ['선물'] ['선물'] ['선물'] ['선물'] ['선물'] ['선물'] ['선물'] ['파티'] ['파티'] ['안주'] ['안주'] ['안주'] ['안주'] ['안주'] ['가족'] ['친구'] ['친구'] ['친구'] ['친구'] ['친구'] ['친구'] ['계절'] ['계절'] ['부모님'] ['디저트'] ['친구', '선물'] ['친구', '선물'] ['친구', '파티', '선물'] ['친구', '파티', '선물'] ['안주', '안주', '안주'] ['안주', '안주', '안주'] ['추천'] ['추천'] ['추천'] ['추천'] ['추천'] ['추천'] ['부모님', '혼술', '명절', '선물'] ['커플'] ['부모님', '반주', '디저트'] ['친구', '커플'] ['복날'] ['안주', '안주'] ['혼술'] ['친구', '커플', '혼술'] ['커플', '혼술']",명절 선물 복날 안주 반주 파티 계절 가족 디저트 추천 커플 친구 부모님 혼술
254,"['파티', '파티'] ['선물'] ['선물'] ['선물'] ['친구'] ['행사'] ['혼술'] ['디저트']",선물 파티 행사 디저트 친구 혼술
257,"['선물'] ['선물'] ['가족'] ['선물', '안주'] ['부모님', '부모님', '파티'] ['친구'] ['명절'] ['반주']",명절 선물 안주 반주 파티 가족 친구 부모님
258,"['선물'] ['커플', '크리스마스', '선물']",선물 크리스마스 커플
275,"['기념일'] ['디저트'] ['디저트'] ['가족', '부모님'] ['부모님'] ['부모님'] ['안주'] ['추천'] ['추천'] ['계절'] ['친구', '부모님', '커플', '커플'] ['명절'] ['커플', '파티', '파티'] ['행사']",기념일 명절 안주 파티 계절 행사 가족 디저트 추천 커플 친구 부모님
276,"['부모님', '안주']",안주 부모님
278,"['추천'] ['추천'] ['추천'] ['추천'] ['반주'] ['부모님'] ['부모님'] ['부모님'] ['선물'] ['선물'] ['선물'] ['선물'] ['안주'] ['명절'] ['명절'] ['가족', '명절', '선물'] ['계절', '선물'] ['명절', '명절'] ['가족', '부모님', '선물', '디저트'] ['가족', '선물'] ['안주', '안주', '안주', '안주']",명절 선물 반주 안주 계절 가족 추천 디저트 부모님
280,['선물'] ['커플'] ['부모님'] ['디저트'],부모님 선물 디저트 커플
281,['혼술'] ['디저트'],디저트 혼술
282,['부모님'],부모님
291,"['친구', '파티'] ['커플'] ['커플'] ['선물'] ['선물'] ['커플', '선물'] ['커플', '선물'] ['친구', '선물', '디저트'] ['추천', '안주'] ['친구', '선물']",선물 안주 파티 디저트 커플 추천 친구
292,"['커플'] ['커플', '행사'] ['커플', '선물'] ['선물'] ['선물'] ['선물'] ['선물'] ['선물'] ['선물'] ['크리스마스'] ['커플', '파티', '파티'] ['커플', '커플', '추천'] ['친구'] ['추천']",선물 파티 행사 추천 크리스마스 커플 친구
298,"['가족', '부모님', '선물']",선물 부모님 가족
313,['친구'],친구
314,['명절'],명절
321,"['가족', '파티', '파티']",파티 가족
322,['친구'],친구
341,"['부모님'] ['반주', '추천'] ['디저트']",디저트 반주 추천 부모님
346,['커플'],커플
348,['반주'] ['반주'] ['반주'] ['반주'] ['친구'] ['친구'] ['부모님'] ['추천'] ['혼술'] ['안주'] ['디저트'],반주 안주 추천 디저트 친구 부모님 혼술
349,"['선물'] ['반주'] ['친구', '선물']",선물 반주 친구
356,,
361,['친구'],친구
386,['선물'],선물
388,['친구'] ['계절'],친구 계절
404,"['디저트'] ['디저트'] ['디저트'] ['디저트'] ['안주', '안주']",안주 디저트
406,"['추천', '선물']",선물 추천
431,"['친구', '선물'] ['선물'] ['추천'] ['추천'] ['친구'] ['안주']",선물 추천 친구 안주
432,['선물'],선물
433,,
436,,
448,"['추천'] ['추천'] ['추천'] ['추천'] ['추천'] ['추천'] ['친구', '커플', '커플'] ['안주'] ['선물'] ['선물'] ['선물'] ['선물'] ['디저트'] ['친구', '선물'] ['계절'] ['가족'] ['기념일'] ['계절', '디저트'] ['친구'] ['친구']",기념일 선물 안주 계절 가족 추천 커플 디저트 친구
471,,
473,"['디저트'] ['커플', '선물'] ['선물'] ['선물']",선물 디저트 커플
493,"['친구'] ['친구', '선물'] ['안주'] ['친구', '커플', '추천', '디저트', '디저트', '디저트']",선물 안주 추천 커플 디저트 친구
524,"['추천', '선물'] ['선물'] ['선물'] ['부모님']",선물 추천 부모님
532,"['친구', '선물']",선물 친구
